アーモンド,あーもんど,
愛,あい,
アイアイ,あいあい,
挨拶,あいさつ,
アイスクリーム,あいす,
合図,あいず,
アイスティー,あいすてぃー,
アイスホッケー,あいすほっけー,
相手,あいて,
アイデア,あいであ,
アイドル,あいどる,
アウト,あうと,
青,あお,
青鬼,あおおに,
青虫,あおむし,
垢,あか,
赤鬼,あかおに,
赤信号,あかしんごう,
赤身,あかみ,
明かり,あかり,
空地,あきち,
灰汁,あく,
悪事,あくじ,
悪質,あくしつ,
握手,あくしゅ,
悪性,あくせい,
悪党,あくとう,
あくび,あくび,
悪魔,あくま,
悪夢,あくむ,
悪役,あくやく,
アクリル,あくりる,
顎,あご,
痣,あざ,
朝顔,あさがお,
朝日,あさひ,
朝焼け,あさやけ,
アサリ,あさり,
足／脚,あし,
味,あじ,
鰺,あじ,
アジア,あじあ,
アシカ,あしか,
紫陽花,あじさい,
小豆,あずき,
アスファルト,あすふぁると,
アスレチック,あすれちっく,
遊び,あそび,
あだ名,あだな,
アダム,あだむ,
圧倒,あっとう,
アップル,あっぷる,
アテネ,あてね,
アドレス,あどれす,
穴,あな,
アナウンサー,あなうんさー,
アナゴ,あなご,
アナコンダ,あなこんだ,
兄,あに,
兄貴,あにき,
アニマル,あにまる,
肋,あばら,
アヒル,あひる,
アブ,あぶ,
油,あぶら,
アプリ,あぷり,
アフリカ,あふりか,
アフロ,あふろ,
アホ毛,あほげ,
アポロ,あぽろ,
尼,あま,
雨戸,あまど,
天の川,あまのがわ,
網,あみ,
網戸,あみど,
飴,あめ,
雨,あめ,
アメリカ合衆国,あめりかがっしゅうこく,
あやとり,あやとり,
鮎,あゆ,
アラーム,あらーむ,
嵐,あらし,
霰,あられ,
あられ,あられ,
蟻,あり,
アルカリ乾電池,あるかりかんでんち,
アルコールランプ,あるこーるらんぷ,
アルバム,あるばむ,
アルプス,あるぷす,
アルミ,あるみ,
アロエ,あろえ,
アロハ,あろは,
アロマ,あろま,
泡,あわ,
鮑,あわび,
アンケート,あんけーと,
アンチョビ,あんちょび,
安定,あんてい,
アンテナ,あんてな,
案内,あんない,
胃,い,
言い争い,いいあらそい,
言い伝え,いいつたえ,
言い直し,いいなおし,
言い成り,いいなり,
言い訳,いいわけ,
委員会,いいんかい,
委員長,いいんちょう,
家,いえ,
胃液,いえき,
家出,いえで,
硫黄,いおう,
イカ,いか,
胃潰瘍,いかいよう,
医学,いがく,
如何様,いかさま,
イカサマ師,いかさまし,
胃下垂,いかすい,
雷,いかずち,
烏賊墨,いかすみ,
イカスミスパゲッティ,いかすみすぱげってぃ,
筏,いかだ,
いかフライ,いかふらい,
烏賊飯,いかめし,
胃カメラ,いかめら,
イカ焼き,いかやき,
怒り,いかり,
錨,いかり,
イカリング,いかりんぐ,
維管束,いかんそく,
息,いき,
生き甲斐,いきがい,
意気込み,いきごみ,
行違い,いきちがい,
活き造り／活け造り,いきづくり／いけづくり,
息詰り,いきづまり,
意気投合,いきとうごう,
息抜き,いきぬき,
イギリス,いぎりす,
生霊,いきりょう,
戦,いくさ,
育毛剤,いくもうざい,
池,いけ,
生簀,いけす,
生け捕り,いけどり,
生け贄,いけにえ,
生け花,いけばな,
池袋,いけぶくろ,
囲碁,いご,
イコール,いこーる,
居心地,いごこち,
遺骨,いこつ,
医師,いし,
石,いし,
石頭,いしあたま,
石川,いしかわ,
椅子,いす,
椅子取りゲーム,いすとりげーむ,
遺跡,いせき,
移籍,いせき,
居候,いそうろう,
磯巾着,いそぎんちゃく,
イソップ物語,いそっぷものがたり,
板,いた,
遺体,いたい,
悪戯,いたずら,
頂,いただき,
鼬,いたち,
板付き蒲鉾,いたつきかまぼこ,
板前,いたまえ,
炒め煮,いために,
炒め物,いためもの,
イタリア,いたりあ,
位置,いち,
一月,いちがつ,
市場,いちば,
射手座,いてざ,
糸,いと,
井戸,いど,
田舎,いなか,
犬,いぬ,
犬小屋,いぬごや,
稲,いね,
命,いのち,
今,いま,
意味,いみ,
芋,いも,
妹,いもうと,
芋けんぴ,いもけんぴ,
芋餅,いももち,
入口,いりぐち,
イルカ,いるか,
岩,いわ,
岩手,いわて,
インク,いんく,
インコ,いんこ,
インターネット,いんたーねっと,
引退,いんたい,
インド,いんど,
インフルエンザ,いんふるえんざ,
ウイルス,ういるす,
ういろう,ういろう,
ウインカー,ういんかー,
ウインナー,ういんなー,
ウール,うーる,
烏竜茶,うーろんちゃ,
上,うえ,
ウェア,うぇあ,
ウエスト,うえすと,
ウエハース,うえはーす,
ウォーキング,うぉーきんぐ,
魚座,うおざ,
ウォシュレット,うぉしゅれっと,
鵜飼い,うかい,
浮き,うき,
ウクレレ,うくれれ,
受付,うけつけ,
動き,うごき,
烏骨鶏,うこっけい,
兎,うさぎ,
牛,うし,
牛蛙,うしがえる,
後ろ,うしろ,
渦,うず,
薄型テレビ,うすがたてれび,
ウスターソース,うすたーそーす,
ウズラ,うずら,
右折,うせつ,
嘘,うそ,
つき,うそつき,
歌／唄,うた,
転寝,うたたね,
打ち出の小槌,うちでのこづち,
内股,うちまた,
宇宙,うちゅう,
団扇,うちわ,
写し,うつし,
俯せ,うつぶせ,
ウツボ,うつぼ,
器,うつわ,
腕,うで,
腕時計,うでどけい,
腕輪,うでわ,
うどんすき,うどんすき,
鰻,うなぎ,
うなぎパイ,うなぎぱい,
うな重,うなじゅう,
ウニ,うに,
乳母車,うばぐるま,
馬,うま,
うまい棒,うまいぼう,
馬面,うまづら,
馬飛び,うまとび,
生れ付き,うまれつき,
生れ年,うまれどし,
海,うみ,
生み,うみ,
海亀,うみがめ,
海猫,うみねこ,
海の家,うみのいえ,
海の日,うみのひ,
海ぶどう,うみぶどう,
海坊主,うみぼうず,
梅,うめ,
梅酒,うめしゅ,
埋め立て,うめたて,
梅茶漬け,うめちゃづけ,
梅干,うめぼし,
羽毛,うもう,
裏,うら,
裏表,うらおもて,
裏切り,うらぎり,
裏漉し,うらごし,
浦島太郎,うらしまたろう,
占い,うらない,
占い師,うらないし,
裏話,うらばなし,
裏表紙,うらびょうし,
裏道,うらみち,
裏目,うらめ,
裏技,うらわざ,
瓜,うり,
売上,うりあげ,
売家,うりいえ,
売り子,うりこ,
売り言葉,うりことば,
売地,うりち,
売り手,うりて,
売場,うりば,
うり坊,うりぼう,
売物,うりもの,
閏年,うるうどし,
漆,うるし,
噂,うわさ,
上履,うわばき,
うんてい,うんてい,
運転手,うんてんしゅ,
運転免許証,うんてんめんきょしょう,
運動会,うんどうかい,
運動場,うんどうじょう,
絵,え,
エアギター,えあぎたー,
エアバッグ,えあばっぐ,
エアメール,えあめーる,
エアロビクス,えあろびくす,
エイ,えい,
映画,えいが,
英会話,えいかいわ,
映画監督,えいがかんとく,
永久歯,えいきゅうし,
英語,えいご,
衛星,えいせい,
衛星,えいせい,
映像,えいぞう,
エイプリルフール,えいぷりるふーる,
エリマキトカゲ,えいまきとかげ,
英雄,えいゆう,
栄養,えいよう,
エーアイ,えーあい,
A型,えーがた,
AB型,えーびーがた,
笑顔,えがお,
絵書き,えかき,
絵書き歌,えかきうた,
液,えき,
駅,えき,
エキストラ,えきすとら,
駅ビル,えきびる,
エクササイズ,えくささいず,
えくぼ,えくぼ,
エコ,えこ,
エコキュート,えこきゅーと,
絵心,えごころ,
餌,えさ,
絵探し,えさがし,
絵皿,えざら,
餌食,えじき,
エジプト,えじぷと,
SL,えすえる,
エスカレーター,えすかれーたー,
S極,えすきょく,
エステ,えすて,
枝,えだ,
エタノール,えたのーる,
枝豆,えだまめ,
エチケット,えちけっと,
餌付け,えづけ,
絵手紙,えてがみ,
干支,えと,
江戸,えど,
江戸っ子,えどっ,こ
エナメル,えなめる,
絵日記,えにっき,
NHK,えぬえいちけー,
N極,えぬきょく,
Nゲージ,えぬげーじ,
NTT,えぬてぃーてぃー,
エネルギー,えねるぎー,
絵の具,えの,ぐ
エノキ,えのき,
絵具,えのぐ,
絵葉書,えはがき,
海老,えび,
恵比須,えびす,
エピソード,えぴそーど,
エビチリ,えびちり,
エビフライ,えびふらい,
海老マヨ,えびまよ,
愛媛,えひめ,
絵筆,えふで,
恵方巻,えほうまき,
絵馬,えま,
エメラルド,えめらるど,
絵文字,えもじ,
獲物,えもの,
鰓,えら,
エラー,えらー,
襟,えり,
エリア,えりあ,
エリート,えりーと,
エリンギ,えりんぎ,
エレキギター,えれきぎたー,
エレベーター,えれべーたー,
演歌,えんか,
宴会,えんかい,
延期,えんき,
演技,えんぎ,
遠距離,えんきょり,
園芸,えんげい,
演劇,えんげき,
えんじ色,えんじいろ,
エンジェル,えんじぇる,
エンジニア,えんじにあ,
円周率,えんしゅうりつ,
遠足,えんそく,
園長,えんちょう,
煙突,えんとつ,
鉛筆,えんぴつ,
鉛筆削り,えんぴつけずり,
遠方凝視,えんぽうぎょうし,
尾,お,
オアシス,おあしす,
お預け,おあずけ,
追打ち,おいうち,
追い風,おいかぜ,
生い立ち,おいたち,
オイル,おいる,
お祝い,おいわい,
王国,おうこく,
王様,おうさま,
王女,おうじょ,
王手,おうて,
お絵描き,おえかき,
大当り,おおあたり,
大雨,おおあめ,
大荒れ,おおあれ,
大阪,おおさか,
大勢,おおぜい,
大空,おおぞら,
大部屋,おおべや,
丘,おか,
お金,おかね,
オカラ,おから,
沖,おき,
沖縄,おきなわ,
置き場,おきば,
置物,おきもの,
屋外,おくがい,
奥様,おくさま,
桶,おけ,
お焦げ,おこげ,
お子様ランチ,おこさまらんち,
お下がり,おさがり,
お酒,おさけ,
お皿,おさら,
叔父／伯父,おじ,
押入,おしいれ,
お仕置き,おしおき,
おしくらまんじゅう,おしくらまんじゅう,
おしっこ,おしっこ,
雄しべ,おしべ,
おしまい,おしまい,
お邪魔,おじゃま,
お知らせ,おしらせ,
お尻,おしり,
おしりふき,おしりふき,
雄,おす,
お世辞,おせじ,
お世話,おせわ,
遅生まれ,おそうまれ,
お供,おそなえ,
お宝,おたから,
雄叫び,おたけび,
阿多福,おたふく,
おたふくかぜ,おたふくかぜ,
御玉杓子,おたまじゃくし,
お茶,おちゃ,
お釣,おつり,
お手上げ,おてあげ,
おでき,おでき,
お手玉,おてだま,
お転婆,おてんば,
音,おと,
弟,おとうと,
お伽話,おとぎばなし,
男,おとこ,
大人,おとな,
乙女,おとめ,
同い年,おないどし,
お腹,おなか,
おなら,おなら,
鬼,おに,
鬼ヶ島,おにが,しま
鬼ごっこ,おにごっこ,
おねしょ,おねしょ,
斧,おの,
叔母／伯母,おば,
お化け,おばけ,
御弾き,おはじき,
お浸し,おひたし,
お雛様,おひな,さま
オフ,おふ,
オペラ,おぺら,
お参り,おまいり,
おむつ,おむつ,
オムライス,おむらいす,
オムレツ,おむれつ,
重り,おもり,
親,おや,
親方,おやかた,
親子,おやこ,
親孝行,おやこうこう,
親父,おやじ,
おやつ,おやつ,
檻,おり,
お礼,おれい,
終り,おわり,
音読,おんどく,
女,おんな,
音符,おんぷ,
蚊,か,
カード,かーど,
カーナビ,かーなび,
カーペット,かーぺっと,
貝,かい,
飼い犬,かいいぬ,
絵画,かいが,
海外,かいがい,
貝殻,かいがら,
解決,かいけつ,
蚕,かいこ,
会社,かいしゃ,
怪獣,かいじゅう,
会場,かいじょう,
海水,かいすい,
海水浴,かいすいよく,
回数,かいすう,
解説,かいせつ,
海草,かいそう,
改造,かいぞう,
海賊,かいぞく,
怪談話,かいだんばなし,
懐中電灯,かいちゅうでんとう,
海底,かいてい,
回転寿司,かいてんずし,
飼い猫,かいねこ,
貝柱,かいばしら,
回復,かいふく,
怪物,かいぶつ,
買い物,かいもの,
会話,かいわ,
カウンセラー,かうんせらー,
カウンター,かうんたー,
帰り道,かえりみち,
蛙,かえる,
顔,かお,
顔文字,かおもじ,
香り,かおり,
カカオ,かかお,
科学,かがく,
踵,かかと,
鏡,かがみ,
輝き,かがやき,
柿,かき,
鍵,かぎ,
書置き,かきおき,
かき氷,かきごおり,
下級生,かきゅうせい,
家具,かぐ,
格闘技,かくとうぎ,
賭け,かけ,
影,かげ,
駆け足,かけあし,
籠,かご,
傘,かさ,
かさぶた,かさぶた,
歌詞,かし,
火事,かじ,
風,かぜ,
火星,かせい,
化石,かせき,
家族,かぞく,
肩,かた,
片仮名／カタカナ,かたかな,
カタツムリ,かたつむり,
価値,かち,
鰹,かつお,
カツカレー,かつかれー,
河童,かっぱ,
カップ,かっぷ,
家庭,かてい,
家庭科,かていか,
仮名,かな,
金網,かなあみ,
蟹,かに,
カヌー,かぬー,
金,かね,
カビ,かび,
カフェ,かふぇ,
カフェオレ,かふぇおれ,
カブトムシ,かぶとむし,
花粉症,かふんしょう,
南瓜,かぼちゃ,
カマキリ,かまきり,
紙,かみ,
カミキリムシ,かみきりむし,
雷,かみなり,
亀,かめ,
カメラ,かめら,
鴨,かも,
唐揚げ,からあげ,
カラオケ,からおけ,
からし,からし,
カラス,からす,
体,からだ,
かるた,かるた,
カレー,かれー,
川,かわ,
感想,かんそう,
冠,かんむり,
木,き,
気合,きあい,
黄色,きいろ,
キウイ,きうい,
記憶,きおく,
機械,きかい,
着替え,きがえ,
機関車,きかんしゃ,
利き手,ききて,
気球,ききゅう,
菊,きく,
着ぐるみ,きぐるみ,
記号,きごう,
木こり,きこり,
記事,きじ,
汽車,きしゃ,
キス,きす,
傷,きず,
傷痕,きずあと,
傷口,きずぐち,
絆,きずな,
寄生虫,きせいちゅう,
奇跡,きせき,
季節,きせつ,
北,きた,
期待,きたい,
北風,きたかぜ,
キタキツネ,きたきつね,
基地,きち,
きっかけ,きっかけ,
キック,きっく,
キッズ,きっず,
キツツキ,きつつき,
切手,きって,
キツネ,きつね,
切符,きっぷ,
きな粉,きなこ,
記念日,きねんび,
昨日,きのう,
茸,きのこ,
気のせい,きのせい,
木登り,きのぼり,
木の実,きのみ,
牙,きば,
木箱,きばこ,
吉備団子,きびだんご,
希望,きぼう,
気まぐれ,きまぐれ,
決まり,きまり,
黄身,きみ,
黄緑,きみどり,
キムチ,きむち,
肝試し,きもだめし,
気持ち,きもち,
着物,きもの,
客,きゃく,
キャット,きゃっと,
キャップ,きゃっぷ,
キャベツ,きゃべつ,
キャラクター,きゃらくたー,
キャラメル,きゃらめる,
キャンディ,きゃんでぃ,
キャンプ,きゃんぷ,
九,きゅう,
救急車,きゅうきゅうしゃ,
救急箱,きゅうきゅうばこ,
休憩,きゅうけい,
休日,きゅうじつ,
九州,きゅうしゅう,
急所,きゅうしょ,
給食,きゅうしょく,
キュウリ,きゅうり,
キューピット,きゅーぴっと,
今日,きょう,
教育,きょういく,
教科書,きょうかしょ,
教師,きょうし,
教室,きょうしつ,
競走,きょうそう,
兄弟,きょうだい,
京都,きょうと,
教頭,きょうとう,
恐怖,きょうふ,
恐竜,きょうりゅう,
曲,きょく,
巨大,きょだい,
距離,きょり,
切り絵,きりえ,
キリギリス,きりぎりす,
切れ味,きれあじ,
記録,きろく,
kg,きろぐらむ,
km,きろめーとる,
金塊,きんかい,
キング,きんぐ,
金庫,きんこ,
筋肉,きんにく,
金曜日,きんようび,
キーホルダー,きーほるだー,
キーワード,きーわーど,
九,く,
食い意地,くいいじ,
食いしん坊,くいしんぼう,
クイズ,くいず,
食逃げ,くいにげ,
食い物,くいもの,
空気,くうき,
空気入れ,くうきいれ,
空港,くうこう,
空想,くうそう,
空中,くうちゅう,
空白,くうはく,
空腹,くうふく,
クーラー,くーらー,
クエスチョンマーク,くえすちょんまーく,
九月,くがつ,
茎,くき,
釘,くぎ,
区切り,くぎり,
九九,くく,
草,くさ,
草刈機,くさかりき,
草冠,くさかんむり,
草木,くさき,
草団子,くさだんご,
草花,くさばな,
草むしり,くさむしり,
鎖,くさり,
櫛,くし,
串,くし,
くじ,くじ,
串揚げ,くしあげ,
孔雀,くじゃく,
くしゃみ,くしゃみ,
クジラ,くじら,
クズ,くず,
くす玉,くすだま,
薬,くすり,
癖,くせ,
曲者,くせもの,
果物,くだもの,
口,くち,
靴,くつ,
靴跡,くつあと,
クッキー,くっきー,
クッキング,くっきんぐ,
クッキングシート,くっきんぐしーと,
靴下,くつした,
くっつき虫,くっつきむし,
国,くに,
首,くび,
熊,くま,
クマバチ／クマンバチ,くまばち／くまんばち,
組,くみ,
組み体操,くみたいそう,
組み立て,くみたて,
雲,くも,
クモ,くも,
クモの巣,くものす,
曇り,くもり,
クライマックス,くらいまっくす,
クラゲ,くらげ,
クラス,くらす,
クラスメイト／クラスメート,くらすめいと／くらすめーと,
クラブ,くらぶ,
クラムチャウダー,くらむちゃうだー,
クラリネット,くらりねっと,
栗,くり,
クリア,くりあ,
クリアケース,くりあけーす,
クリーナー,くりーなー,
クリーニング,くりーにんぐ,
クリーム,くりーむ,
クリームシチュー,くりーむしちゅー,
クリームソーダ,くりーむそーだ,
クリスタル,くりすたる,
クリスマス,くりすます,
クリスマスイブ,くりすますいぶ,
クリスマスケーキ,くりすますけーき,
クリップ,くりっぷ,
くるぶし,くるぶし,
くるぶしソックス,くるぶしそっくす,
車,くるま,
車椅子,くるまいす,
車海老,くるまえび,
車酔い,くるまよい,
クルミ,くるみ,
クレジットカード,くれじっとかーど,
クレパス,くれぱす,
黒,くろ,
黒胡椒,くろこしょう,
クロコダイル,くろこだいる,
黒ごま,くろごま,
黒猫,くろねこ,
黒ヒゲ,くろひげ,
黒ひょう,くろひょう,
クロマグロ,くろまぐろ,
黒蜜,くろみつ,
鍬,くわ,
クワガタ／クワガタムシ,くわがた／くわがたむし,
毛,け,
毛穴,けあな,
経営,けいえい,
警戒,けいかい,
計画,けいかく,
景気,けいき,
経験値,けいけんち,
稽古,けいこ,
敬語,けいご,
蛍光灯,けいこうとう,
警告,けいこく,
警察,けいさつ,
警察署,けいさつしょ,
計算カード,けいさんかーど,
計算機,けいさんき,
計算違い,けいさんちがい,
計算ドリル,けいさんどりる,
刑事,けいじ,
形式,けいしき,
軽自動車,けいじどうしゃ,
形状,けいじょう,
軽食,けいしょく,
携帯／ケータイ,けいたい／けーたい,
携帯電話,けいたいでんわ,
毛糸,けいと,
軽トラ,けいとら,
競馬,けいば,
競馬場,けいばじょう,
警報,けいほう,
刑務所,けいむしょ,
計量カップ,けいりょうかっぷ,
敬老の日,けいろうのひ,
K,けー,
ケーキ,けーき,
ケーキ屋,けーきや,
ケース,けーす,
ケーブル,けーぶる,
ケーブルテレビ,けーぶるてれび,
怪我,けが,
毛蟹,けがに,
毛皮,けがわ,
今朝,けさ,
毛先,けさき,
景色,けしき,
消しゴム,けしごむ,
けじめ,けじめ,
化粧,けしょう,
化粧水,けしょうすい,
化粧ポーチ,けしょうぽーち,
削り節,けずりぶし,
桁,けた,
毛玉,けだま,
ケチャップ,けちゃっぷ,
血圧,けつあつ,
決意,けつい,
血液,けつえき,
血液型,けつえきがた,
結果,けっか,
毛繕い,けづくろい,
結婚式,けっこんしき,
結婚指輪,けっこんゆびわ,
決勝,けっしょう,
結晶,けっしょう,
決勝,けっしょう,
欠席,けっせき,
決定,けってい,
決闘,けっとう,
結末,けつまつ,
毛並み,けなみ,
ケニア,けにあ,
気配,けはい,
仮病,けびょう,
毛むくじゃら,けむくじゃら,
毛虫,けむし,
煙,けむり,
獣,けもの,
家来,けらい,
蹴り,けり,
喧嘩,けんか,
研究,けんきゅう,
献血,けんけつ,
健康,けんこう,
健康保険証,けんこうほけんしょう,
検査,けんさ,
検索,けんさく,
賢者,けんじゃ,
犬種,けんしゅ,
懸垂,けんすい,
建設,けんせつ,
ケンタッキー,けんたっきー,
けん玉,けんだま,
建築,けんちく,
県庁,けんちょう,
剣道,けんどう,
検尿,けんにょう,
顕微鏡,けんびきょう,
見物,けんぶつ,
憲法,けんぽう,
憲法記念日,けんぽうきねんび,
権利,けんり,
子,こ,
コアラ,こあら,
鯉,こい,
恋,こい,
恋心,こいごころ,
小石,こいし,
子犬,こいぬ,
恋人,こいびと,
コインランドリー,こいんらんどりー,
コインロッカー,こいんろっかー,
校歌,こうか,
高級,こうきゅう,
工具,こうぐ,
高校,こうこう,
広告,こうこく,
工作,こうさく,
子牛,こうし,
公式,こうしき,
校舎,こうしゃ,
高速,こうそく,
高速道路,こうそくどうろ,
紅茶,こうちゃ,
校庭,こうてい,
行動,こうどう,
校内,こうない,
購入,こうにゅう,
紅白,こうはく,
交尾,こうび,
紅葉,こうよう,
甲羅,こうら,
声,こえ,
氷,こおり,
黄金虫,こがねむし,
子狐,こぎつね,
呼吸,こきゅう,
国王,こくおう,
国語,こくご,
苔,こけ,
焦げ茶,こげちゃ,
ココア,ここあ,
ココナッツ,ここなっつ,
心,こころ,
小匙,こさじ,
小皿,こざら,
腰,こし,
個室,こしつ,
胡椒,こしょう,
個数,こすう,
コスチューム,こすちゅーむ,
個性,こせい,
子育て,こそだて,
固体,こたい,
答,こたえ,
こたつ,こたつ,
国歌,こっか,
国会,こっかい,
コック,こっく,
骨折,こっせつ,
コップ,こっぷ,
固定,こてい,
琴,こと,
言葉,ことば,
子供,こども,
小鳥,ことり,
粉,こな,
粉薬,こなぐすり,
粉チーズ,こなちーず,
子猫,こねこ,
木の葉,このは,
好み,このみ,
コバエ,こばえ,
コピー,こぴー,
子羊,こひつじ,
こびと,こびと,
こぶ,こぶ,
拳,こぶし,
昆布茶,こぶちゃ,
小部屋,こべや,
小骨,こぼね,
駒,こま,
コマーシャル,こまーしゃる,
鼓膜,こまく,
コミック,こみっく,
小麦,こむぎ,
小麦粉,こむぎこ,
小娘,こむすめ,
米,こめ,
米印,こめじるし,
コメディー,こめでぃー,
小文字,こもじ,
小物,こもの,
子守唄,こもりうた,
小屋,こや,
子役,こやく,
小指,こゆび,
コラム,こらむ,
コルク,こるく,
コレクター,これくたー,
コロッケ,ころっけ,
衣,ころも,
サーカス,さーかす,
サーチ,さーち,
サービス,さーびす,
才,さい,
最悪,さいあく,
再会,さいかい,
災害,さいがい,
最強,さいきょう,
細工,さいく,
最後,さいご,
最高,さいこう,
サイコパス,さいこぱす,
サイコロ,さいころ,
最初,さいしょ,
サイズ,さいず,
再生,さいせい,
賽銭箱,さいせんばこ,
サイダー,さいだー,
最大,さいだい,
最長,さいちょう,
最低,さいてい,
才能,さいのう,
財布,さいふ,
裁縫,さいほう,
棹,さお,
坂,さか,
境目,さかいめ,
逆さま,さかさま,
魚,さかな,
坂道,さかみち,
先,さき,
詐欺,さぎ,
サキイカ,さきいか,
砂丘,さきゅう,
柵,さく,
作者,さくしゃ,
削除,さくじょ,
桜,さくら,
桜島,さくらじま,
鮭,さけ,
叫び,さけび,
鎖骨,さこつ,
笹,ささ,
サザエ,さざえ,
さざ波,さざなみ,
ササミ,ささみ,
山茶花,さざんか,
さし絵,さしえ,
指し図,さしず,
刺身,さしみ,
刺身醤油,さしみじょうゆ,
蝎,さそり,
札,さつ,
撮影,さつえい,
作家,さっか,
サッカー,さっかー,
錯覚,さっかく,
殺気,さっき,
サックス,さっくす,
札束,さつたば,
さつまいも,さつまいも,
砂鉄,さてつ,
里,さと,
砂糖,さとう,
さとうきび,さとうきび,
蛹,さなぎ,
サニーレタス,さにーれたす,
左脳,さのう,
鯖,さば,
サバイバル,さばいばる,
砂漠,さばく,
サハラ砂漠,さはらさばく,
錆,さび,
サファリパーク,さふぁりぱーく,
差別,さべつ,
サマー,さまー,
寒さ,さむさ,
侍,さむらい,
鮫,さめ,
左右,さゆう,
サヨリ,さより,
皿,さら,
サラダ,さらだ,
さらば,さらば,
猿,さる,
サルビア,さるびあ,
騒ぎ,さわぎ,
参加,さんか,
三角形,さんかくけい,
珊瑚,さんご,
参考書,さんこうしょ,
算数,さんすう,
三世,さんせい,
酸素,さんそ,
サンタクロース,さんたくろーす,
サンダル,さんだる,
サンドイッチ,さんどいっち,
サンバ,さんば,
散歩,さんぽ,
秋刀魚,さんま,
詩,し,
試合,しあい,
仕上げ,しあげ,
飼育,しいく,
シーソー,しーそー,
椎茸,しいたけ,
シートベルト,しーとべると,
塩,しお,
塩焼き,しおやき,
栞,しおり,
鹿,しか,
司会,しかい,
視界,しかい,
市外,しがい,
四角,しかく,
資格,しかく,
仕掛け,しかけ,
四月,しがつ,
屍,しかばね,
四季,しき,
指揮,しき,
式,しき,
敷居,しきい,
式場,しきじょう,
敷地,しきち,
仕切,しきり,
仕草,しぐさ,
仕組み,しくみ,
死刑,しけい,
刺激,しげき,
繁み,しげみ,
私語,しご,
四国,しこく,
仕事,しごと,
仕込,しこみ,
指示,しじ,
獅子舞,ししまい,
シジミ,しじみ,
死者,ししゃ,
姿勢,しせい,
施設,しせつ,
舌,した,
死体,したい,
下絵,したえ,
下着,したぎ,
支度,したく,
七味,しちみ,
失格,しっかく,
湿気,しっけ,
躾,しつけ,
嫉妬,しっと,
湿布,しっぷ,
尻尾,しっぽ,
指定,してい,
指導,しどう,
死神,しにがみ,
支配,しはい,
芝居,しばい,
柴犬,しばいぬ,
芝生,しばふ,
死亡,しぼう,
脂肪,しぼう,
島,しま,
シマウマ,しまうま,
始末,しまつ,
指名,しめい,
氏名,しめい,
霜,しも,
しもやけ,しもやけ,
社会,しゃかい,
市役所,しやくしょ,
車庫,しゃこ,
シャチ,しゃち,
社長,しゃちょう,
シャツ,しゃつ,
シャッター,しゃったー,
週,しゅう,
習字,しゅうじ,
シュウマイ,しゅうまい,
週末,しゅうまつ,
宿題,しゅくだい,
生姜,しょうが,
正月,しょうがつ,
小学校,しょうがっこう,
醤油,しょうゆ,
白髪,しらが,
尻,しり,
シリーズ,しりーず,
しりとり,しりとり,
汁,しる,
白,しろ,
シロアリ,しろあり,
シロクマ,しろくま,
皺,しわ,
信号,しんごう,
真実,しんじつ,
親戚,しんせき,
心臓,しんぞう,
震度,しんど,
新聞紙,しんぶんし,
酢,す,
巣,す,
巣穴,すあな,
スイーツ,すいーつ,
水泳,すいえい,
すいか,すいか,
水車,すいしゃ,
スイス,すいす,
彗星,すいせい,
水素,すいそ,
水槽,すいそう,
スイッチ,すいっち,
水滴,すいてき,
水筒,すいとう,
水道,すいどう,
炊飯器,すいはんき,
スイミング,すいみんぐ,
水曜日,すいようび,
推理,すいり,
数学,すうがく,
数字,すうじ,
スーツ,すーつ,
スーパー,すーぱー,
スーパーマリオ,すーぱーまりお,
スープ,すーぷ,
スカーフ,すかーふ,
スカイダイビング,すかいだいびんぐ,
姿,すがた,
スカンク,すかんく,
杉,すぎ,
スキー,すきー,
スキップ,すきっぷ,
隙間,すきま,
スキャンダル,すきゃんだる,
スキル,すきる,
スクール,すくーる,
スクランブルエッグ,すくらんぶるえっぐ,
スクワット,すくわっと,
スケート,すけーと,
スコア,すこあ,
スコップ,すこっぷ,
すごろく,すごろく,
寿司,すし,
鈴,すず,
すすぎ,すすぎ,
雀,すずめ,
スズメバチ,すずめばち,
裾,すそ,
スター,すたー,
スタート,すたーと,
スタイル,すたいる,
スタジオ,すたじお,
すだち,すだち,
すだれ,すだれ,
素手,すで,
捨て犬,すていぬ,
ステーキ,すてーき,
ステージ,すてーじ,
ステッカー,すてっかー,
ストーカー,すとーかー,
ストーブ,すとーぶ,
ストーリー,すとーりー,
ストラップ,すとらっぷ,
ストリート,すとりーと,
ストレス,すとれす,
ストレッチ,すとれっち,
ストロー,すとろー,
ストロベリー,すとろべりー,
砂,すな,
素直,すなお,
砂場,すなば,
スニーカー,すにーかー,
すね,すね,
スノーボード,すのーぼーど,
スパイ,すぱい,
スパイス,すぱいす,
スパゲッティ,すぱげってぃ,
スピーカー,すぴーかー,
スピーチ,すぴーち,
スピード,すぴーど,
スフィンクス,すふぃんくす,
酢豚,すぶた,
スペースシャトル,すぺーすしゃとる,
滑り台,すべりだい,
スポイト,すぽいと,
スポーツ選手,すぽーつせんしゅ,
スポンジケーキ,すぽんじけーき,
住まい,すまい,
スマイル,すまいる,
スマホ,すまほ,
炭,すみ,
墨,すみ,
炭火,すみび,
スミレ,すみれ,
相撲,すもう,
すもも,すもも,
スライム,すらいむ,
スリッパ,すりっぱ,
スリル,すりる,
スルメ,するめ,
背,せ,
セアカゴケグモ,せあかこけぐも,
背油,せあぶら,
成果,せいか,
聖火,せいか,
正解,せいかい,
正確,せいかく,
性格,せいかく,
生活,せいかつ,
正義,せいぎ,
生後,せいご,
成功,せいこう,
星座,せいざ,
正座,せいざ,
正三角形,せいさんかっけい,
制止,せいし,
生死,せいし,
政治,せいじ,
正式,せいしき,
聖書,せいしょ,
正常,せいじょう,
成績,せいせき,
成績表,せいせきひょう,
清掃,せいそう,
成長,せいちょう,
生徒,せいと,
生徒会,せいとかい,
生徒会長,せいとかいちょう,
性能,せいのう,
成敗,せいばい,
政府,せいふ,
制服,せいふく,
生物,せいぶつ,
性別,せいべつ,
正方形,せいほうけい,
生命,せいめい,
声優,せいゆう,
西洋,せいよう,
整理,せいり,
精霊,せいれい,
セーフ,せーふ,
セール,せーる,
背泳ぎ,せおよぎ,
世界,せかい,
咳,せき,
席,せき,
席替え,せきがえ,
セキセイインコ,せきせいいんこ,
石油,せきゆ,
石油王,せきゆおう,
セクハラ,せくはら,
セコム,せこむ,
背筋,せすじ,
接続,せつぞく,
設定,せってい,
セット,せっと,
窃盗,せっとう,
切腹,せっぷく,
説明,せつめい,
節約,せつやく,
瀬戸内海,せとないかい,
背中,せなか,
背伸び,せのび,
背番号,せばんごう,
背びれ,せびれ,
背広,せびろ,
背骨,せぼね,
蝉,せみ,
セミクジラ,せみくじら,
セメント,せめんと,
台詞,せりふ,
セルフ,せるふ,
セルフサービス,せるふさーびす,
セレブ,せれぶ,
セロハンテープ,せろはんてーぷ,
セロリ,せろり,
世話,せわ,
繊維,せんい,
選挙,せんきょ,
先月,せんげつ,
戦後,せんご,
戦国,せんごく,
洗剤,せんざい,
戦士,せんし,
選手,せんしゅ,
戦場,せんじょう,
洗浄,せんじょう,
センス,せんす,
潜水,せんすい,
先生,せんせい,
先祖,せんぞ,
センター,せんたー,
洗濯,せんたく,
選択,せんたく,
洗濯機,せんたくき,
先頭,せんとう,
戦闘,せんとう,
銭湯,せんとう,
扇風機,せんぷうき,
線路,せんろ,
添い寝,そいね,
総入れ歯,そういれば,
総会,そうかい,
双眼鏡,そうがんきょう,
葬儀,そうぎ,
遭遇,そうぐう,
送迎,そうげい,
送迎バス,そうげいばす,
倉庫,そうこ,
走行,そうこう,
総合,そうごう,
総合格闘技,そうごうかくとうぎ,
操作,そうさ,
惣菜,そうざい,
創作,そうさく,
葬式,そうしき,
掃除機,そうじき,
走者,そうしゃ,
操縦,そうじゅう,
草食動物,そうしょくどうぶつ,
装飾,そうしょく,
挿図,そうず,
創世記,そうせいき,
創設,そうせつ,
総選挙,そうせんきょ,
相続,そうぞく,
装置,そうち,
早朝,そうちょう,
想定,そうてい,
挿入,そうにゅう,
相場,そうば,
装備,そうび,
送風,そうふう,
送風機,そうふうき,
そうめん流し,そうめんながし,
総理,そうり,
送料,そうりょう,
ソウル,そうる,
ソース,そーす,
ソース焼きそば,そーすやきそば,
ソーセージ,そーせーじ,
ソーダ,そーだ,
ソーダ水,そーだすい,
ソープ,そーぷ,
ソーラー,そーらー,
ソーラーカー,そーらーかー,
ソーラー電池,そーらーでんち,
ソーラン節,そーらんぶし,
即戦力,そくせんりょく,
速達,そくたつ,
測定,そくてい,
速度,そくど,
速読,そくどく,
速報,そくほう,
祖国,そこく,
素材,そざい,
阻止,そし,
組織,そしき,
粗大ごみ,そだいごみ,
卒業,そつぎょう,
卒業式,そつぎょうしき,
卒業証書,そつぎょうしょうしょ,
卒業生,そつぎょうせい,
ソックス,そっくす,
即決,そっけつ,
速攻,そっこう,
即効薬,そっこうやく,
袖,そで,
外遊び,そとあそび,
外側,そとがわ,
外履き,そとばき,
供え物,そなえもの,
蕎麦,そば,
そばかす,そばかす,
蕎麦つゆ,そばつゆ,
祖父,そふ,
ソファー,そふぁー,
ソフト,そふと,
ソフトクリーム,そふとくりーむ,
ソフトテニス,そふとてにす,
ソフトドリンク,そふとどりんく,
ソフトバンク,そふとばんく,
ソフトボール,そふとぼーる,
祖父母,そふぼ,
祖母,そぼ,
粗末,そまつ,
ソムリエ,そむりえ,
染物,そめもの,
空,そら,
空色,そらいろ,
空豆,そらまめ,
空耳,そらみみ,
ソルト,そると,
ソロ,そろ,
そろばん教室,そろばんきょうしつ,
ソング,そんぐ,
尊敬,そんけい,
孫悟空,そんごくう,
存在,そんざい,
村長,そんちょう,
言葉,読み方,
ガ,が,
ガーゼ,がーぜ,
ガーデニング,がーでにんぐ,
ガード,がーど,
ガーネット,がーねっと,
ガーリック,がーりっく,
ガーリックトースト,がーりっくとーすと,
ガーリックライス,がーりっくらいす,
ガール,がーる,
害,がい,
外気,がいき,
外国,がいこく,
外国語,がいこくご,
骸骨,がいこつ,
外車,がいしゃ,
外周,がいしゅう,
外出,がいしゅつ,
外食,がいしょく,
害虫,がいちゅう,
外敵,がいてき,
ガイド,がいど,
街灯,がいとう,
街頭演説,がいとうえんぜつ,
ガイドブック,がいどぶっく,
外泊,がいはく,
外部,がいぶ,
外野,がいや,
外来語,がいらいご,
ガウチョパンツ,がうちょぱんつ,
画家,がか,
ガキ,がき,
ガキ大将,がきだいしょう,
額,がく,
学業,がくぎょう,
学者,がくしゃ,
学習,がくしゅう,
学習塾,がくしゅうじゅく,
学生,がくせい,
学生服,がくせいふく,
楽譜,がくふ,
額縁,がくぶち,
楽屋,がくや,
学力,がくりょく,
崖,がけ,
崖崩れ,がけくずれ,
崖っ縁,がけっぷち,
崖の上のポニョ,がけのうえのぽにょ,
画質,がしつ,
画集,がしゅう,
ガス,がす,
ガス欠,がすけつ,
ガスストーブ,がすすとーぶ,
ガスタンク,がすたんく,
ガスト,がすと,
ガス抜き,がすぬき,
ガスバーナー,がすばーなー,
ガスマスク,がすますく,
画像,がぞう,
ガソリンスタンド,がそりんすたんど,
ガチョウ,がちょう,
ガチンコ,がちんこ,
楽器,がっき,
学期,がっき,
学級,がっきゅう,
学級閉鎖,がっきゅうへいさ,
学級崩壊,がっきゅうほうかい,
学区,がっく,
学校,がっこう,
学校給食,がっこうきゅうしょく,
学校行事,がっこうぎょうじ,
合宿,がっしゅく,
合掌,がっしょう,
合唱,がっしょう,
合奏,がっそう,
合体,がったい,
ガッツポーズ,がっつぽーず,
合併,がっぺい,
ガニ股,がにまた,
画鋲,がびょう,
がぶ飲み,がぶのみ,
ガマガエル,がまがえる,
我慢比べ,がまんくらべ,
ガム,がむ,
ガムテープ,がむてーぷ,
画用紙,がようし,
がら空き,がらあき,
ガラガラ蛇,がらがらへび,
ガラクタ,がらくた,
ガラス,がらす,
ガラス窓,がらすまど,
ガリ,がり,
ガリバー旅行記,がりばーりょこうき,
ガレージ,がれーじ,
眼科,がんか,
岩石,がんせき,
元祖,がんそ,
ガンダム,がんだむ,
頑張り屋,がんばりや,
岩盤浴,がんばんよく,
がんもどき,がんもどき,
ギア,ぎあ,
儀式,ぎしき,
義手,ぎしゅ,
技術,ぎじゅつ,
技術者,ぎじゅつしゃ,
犠牲,ぎせい,
犠牲者,ぎせいしゃ,
偽装,ぎそう,
義足,ぎそく,
ギター,ぎたー,
ギターケース,ぎたーけーす,
ギタリスト,ぎたりすと,
議長,ぎちょう,
ぎっくり腰,ぎっくりごし,
ギネス記録,ぎねすきろく,
ギネスブック,ぎねすぶっく,
技能,ぎのう,
技能検定,ぎのうけんてい,
岐阜,ぎふ,
ギブアップ,ぎぶあっぷ,
ギブス,ぎぶす,
義務,ぎむ,
義務教育,ぎむきょういく,
偽名,ぎめい,
逆,ぎゃく,
ギャグ,ぎゃぐ,
逆ぎれ,ぎゃくぎれ,
逆襲,ぎゃくしゅう,
逆走,ぎゃくそう,
虐待,ぎゃくたい,
逆探知,ぎゃくたんち,
逆戻り,ぎゃくもどり,
逆流,ぎゃくりゅう,
ギャップ,ぎゃっぷ,
ギャラリー,ぎゃらりー,
ギャル,ぎゃる,
ギャンブラー,ぎゃんぶらー,
ギャンブル,ぎゃんぶる,
牛角,ぎゅうかく,
牛すじ,ぎゅうすじ,
牛すじ煮込み,ぎゅうすじにこみ,
牛肉,ぎゅうにく,
牛肉コロッケ,ぎゅうにくころっけ,
牛乳,ぎゅうにゅう,
牛乳配達,ぎゅうにゅうはいたつ,
牛乳パック,ぎゅうにゅうぱっく,
行儀,ぎょうぎ,
行儀作法,ぎょうぎさほう,
餃子,ぎょうざ,
餃子の王将,ぎょうざのおうしょう,
餃子の皮,ぎょうざのかわ,
行事,ぎょうじ,
業者,ぎょうしゃ,
行水,ぎょうずい,
行政書士,ぎょうせいしょし,
業務,ぎょうむ,
業務スーパー,ぎょうむすーぱー,
行列,ぎょうれつ,
魚介類,ぎょかいるい,
魚肉ソーセージ,ぎょにくそーせーじ,
魚類,ぎょるい,
ぎょろ目,ぎょろめ,
義理,ぎり,
ギリシャ,ぎりしゃ,
ギリシャ語,ぎりしゃご,
ギリシャ神話,ぎりしゃしんわ,
ギリシャヨーグルト,ぎりしゃよーぐると,
義理チョコ,ぎりちょこ,
銀色,ぎんいろ,
銀貨,ぎんか,
銀河,ぎんが,
銀閣寺,ぎんかくじ,
銀河鉄道,ぎんがてつどう,
銀紙,ぎんがみ,
ギンガムチェック,ぎんがむちぇっく,
銀行,ぎんこう,
銀行口座,ぎんこうこうざ,
銀行手数料,ぎんこうてすうりょう,
銀座,ぎんざ,
銀製,ぎんせい,
銀世界,ぎんせかい,
銀テープ,ぎんてーぷ,
銀歯,ぎんば,
銀箔,ぎんぱく,
銀メダリスト,ぎんめだりすと,
銀メダル,ぎんめだる,
銀メッキ,ぎんめっき,
具,ぐ,
具合,ぐあい,
グアム,ぐあむ,
Google,ぐーぐる,
グーグルマップ,ぐーぐるまっぷ,
偶数,ぐうすう,
ぐうたら,ぐうたら,
具材,ぐざい,
愚図,ぐず,
愚痴,ぐち,
グッズ,ぐっず,
グッド,ぐっど,
グッドタイミング,ぐっどたいみんぐ,
グッピー,ぐっぴー,
グミ,ぐみ,
グライダー,ぐらいだー,
グラウンド,ぐらうんど,
グラス,ぐらす,
グラタン皿,ぐらたんざら,
グラデーションカラー,ぐらでーしょんからー,
グラドル,ぐらどる,
グラニュー糖,ぐらにゅーとう,
グラビア,ぐらびあ,
グラフ,ぐらふ,
グラフィック,ぐらふぃっく,
グラム,ぐらむ,
グランドゴルフ,ぐらんどごるふ,
グランドピアノ,ぐらんどぴあの,
グランプリ,ぐらんぷり,
グリーン車,ぐりーんしゃ,
グリンピース,ぐりーんぴーす,
グリーンランド,ぐりーんらんど,
グリコ,ぐりこ,
グリップ,ぐりっぷ,
グリム童話,ぐりむどうわ,
グリル,ぐりる,
グループ,ぐるーぷ,
グループ学習,ぐるーぷがくしゅう,
ぐるなび,ぐるなび,
グルメ,ぐるめ,
グレー,ぐれー,
グレード,ぐれーど,
グレープ,ぐれーぷ,
グレープジュース,ぐれーぷじゅーす,
グレープフルーツ,ぐれーぷふるーつ,
グローブ,ぐろーぶ,
軍艦島,ぐんかんじま,
軍艦巻,ぐんかんまき,
軍事,ぐんじ,
軍隊,ぐんたい,
軍手,ぐんて,
群馬,ぐんま,
芸,げい,
ゲイ,げい,
芸術,げいじゅつ,
芸術家,げいじゅつか,
ゲート,げーと,
ゲートボール,げーとぼーる,
ゲーム,げーむ,
ゲームオーバー,げーむおーばー,
ゲーム機,げーむき,
ゲームセット,げーむせっと,
ゲームセンター,げーむせんたー,
ゲームメーカー,げーむめーかー,
ゲオ,げお,
外科,げか,
外科医,げかい,
劇,げき,
劇場,げきじょう,
撃退,げきたい,
激痛,げきつう,
激突,げきとつ,
撃破,げきは,
ゲゲゲの鬼太郎,げげげのきたろう,
下校,げこう,
ゲジゲジ,げじげじ,
下車,げしゃ,
下水,げすい,
下水道,げすいどう,
ゲスト,げすと,
下駄,げた,
下駄箱,げたばこ,
月光,げっこう,
ゲット,げっと,
げっぷ,げっぷ,
月曜日,げつようび,
ゲテモノ,げてもの,
解毒剤,げどくざい,
解熱,げねつ,
解熱鎮痛剤,げねつちんつうざい,
下痢,げり,
ゲレンデ,げれんで,
げろ,げろ,
限界,げんかい,
幻覚,げんかく,
弦楽器,げんがっき,
玄関先,げんかんさき,
元気,げんき,
原形,げんけい,
言語,げんご,
原稿用紙,げんこうようし,
拳骨,げんこつ,
ゲンゴロウ,げんごろう,
現在,げんざい,
原作,げんさく,
原産地,げんさんち,
現実,げんじつ,
減少,げんしょう,
原子力,げんしりょく,
現世,げんせ,
原石,げんせき,
幻想,げんそう,
現代,げんだい,
限定,げんてい,
限度,げんど,
現場,げんば,
原爆,げんばく,
原爆ドーム,げんばくどーむ,
原発,げんぱつ,
玄米,げんまい,
幻滅,げんめつ,
原料,げんりょう,
五,ご,
号,ごう,
合意,ごうい,
合格,ごうかく,
合計,ごうけい,
強情,ごうじょう,
合成,ごうせい,
豪族,ごうぞく,
強奪,ごうだつ,
豪邸,ごうてい,
強盗,ごうとう,
合同,ごうどう,
強欲,ごうよく,
合流,ごうりゅう,
ゴーカート,ごーかーと,
ゴーグル,ごーぐる,
ゴースト,ごーすと,
ゴーヤ,ごーや,
ゴーヤチャンプルー,ごーやちゃんぷるー,
ゴール,ごーる,
ゴールキーパー,ごーるきーぱー,
ゴールド,ごーるど,
誤解,ごかい,
互角,ごかく,
五月,ごがつ,
五角形,ごかっけい,
ゴキブリ,ごきぶり,
極悪,ごくあく,
極楽,ごくらく,
午後,ごご,
誤差,ごさ,
ござ,ござ,
誤作動,ごさどう,
誤字,ごじ,
ゴジラ,ごじら,
五体,ごたい,
ご馳走,ごちそう,
ごちゃ混ぜ,ごちゃまぜ,
ごった煮,ごったに,
ゴッド,ごっど,
後手,ごて,
ご飯粒,ごはんつぶ,
語尾,ごび,
五分,ごぶ,
ゴボウ,ごぼう,
胡麻,ごま,
胡麻和え,ごまあえ,
ごま油,ごまあぶら,
ごま塩,ごましお,
ゴマダレ,ごまだれ,
胡麻ドレッシング,ごまどれっしんぐ,
ごみ,ごみ,
ごみ捨て場,ごみすてば,
ごみ溜め,ごみため,
ごみ箱,ごみばこ,
ゴム,ごむ,
ゴム紐,ごむひも,
五目並べ,ごもくならべ,
五目飯,ごもくめし,
娯楽,ごらく,
ご利益,ごりやく,
ゴリラ,ごりら,
ゴルフ,ごるふ,
ゴルファー,ごるふ,
ゴルフクラブ,ごるふくらぶ,
ゴルフ場,ごるふじょう,
語呂合わせ,ごろあわせ,
ゴンドラ,ごんどら,
財,ざい,
罪悪,ざいあく,
在庫,ざいこ,
在校,ざいこう,
在校生,ざいこうせい,
材質,ざいしつ,
在住,ざいじゅう,
座椅子,ざいす,
財政,ざいせい,
在宅,ざいたく,
在宅ワーク,ざいたくわーく,
財テク,ざいてく,
財閥,ざいばつ,
財宝,ざいほう,
財務省,ざいむしょう,
在来,ざいらい,
材料,ざいりょう,
財力,ざいりょく,
ざく切り,ざくぎり,
ザクロ,ざくろ,
雑魚,ざこ,
座高,ざこう,
坐骨,ざこつ,
雑魚寝,ざこね,
座敷,ざしき,
座敷童,ざしきわらし,
座席,ざせき,
座席番号,ざせきばんごう,
座席表,ざせきひょう,
挫折,ざせつ,
座卓,ざたく,
座談会,ざだんかい,
座長,ざちょう,
雑,ざつ,
雑貨,ざっか,
雑学,ざつがく,
雑学王,ざつがくおう,
雑貨屋,ざっかや,
雑居ビル,ざっきょびる,
雑穀,ざっこく,
雑穀米,ざっこくまい,
雑誌,ざっし,
雑誌広告,ざっしこうこく,
雑種,ざっしゅ,
雑食,ざっしょく,
雑草,ざっそう,
ザッハトルテ,ざっはとるて,
雑用,ざつよう,
ザビエル,ざびえる,
様,ざま,
座薬,ざやく,
ざらつき,ざらつき,
ザラメ,ざらめ,
ザリガニ,ざりがに,
ザリガニ釣り,ざりがにつり,
ざる,ざる,
ざる蕎麦,ざるそば,
ざわめき,ざわめき,
残骸,ざんがい,
残虐,ざんぎゃく,
残業,ざんぎょう,
残業代,ざんぎょうだい,
残酷,ざんこく,
惨殺,ざんさつ,
残像,ざんぞう,
残高,ざんだか,
残党,ざんとう,
残念賞,ざんねんしょう,
惨敗,ざんぱい,
残留,ざんりゅう,
残留農薬,ざんりゅうのうやく,
残量,ざんりょう,
ジーンズ,じーんず,
自衛隊,じえいたい,
ジェスチャー,じぇすちゃー,
ジェット,じぇっと,
ジェットコースター,じぇっとこーすたー,
ジェラート,じぇらーと,
ジェラシー,じぇらしー,
次回,じかい,
自覚,じかく,
自家製,じかせい,
自画像,じがぞう,
直火,じかび,
時間切れ,じかんぎれ,
時間帯,じかんたい,
時間割り,じかんわり,
時給,じきゅう,
持久走,じきゅうそう,
持久走大会,じきゅうそうたいかい,
持久力,じきゅうりょく,
軸,じく,
事故,じこ,
時刻,じこく,
地獄,じごく,
時刻表,じこくひょう,
自己紹介,じこしょうかい,
自作,じさく,
自殺,じさつ,
爺,じじい／じい,
自室,じしつ,
事実,じじつ,
磁石,じしゃく,
自首,じしゅ,
自習,じしゅう,
次週,じしゅう,
自主トレ,じしゅとれ,
辞書,じしょ,
事情,じじょう,
字数,じすう,
地蔵,じぞう,
持続,じぞく,
時代,じだい,
時代遅れ,じだいおくれ,
時代劇,じだいげき,
自宅,じたく,
実況,じっきょう,
実験台,じっけんだい,
実行,じっこう,
実習,じっしゅう,
自転車,じてんしゃ,
自動,じどう,
児童,じどう,
自動車,じどうしゃ,
自動ドア,じどうどあ,
地鳴り,じなり,
地主,じぬし,
自白,じはく,
自爆,じばく,
地縛霊,じばくれい,
地肌,じはだ,
自販機,じはんき,
耳鼻科,じびか,
地引き網,じびきあみ,
自分勝手,じぶんかって,
地べた,じべた,
ジム,じむ,
事務所,じむしょ,
地元,じもと,
ジャガイモ,じゃがいも,
蛇口,じゃぐち,
ジャニーズ事務所,じゃにーずじむしょ,
邪魔,じゃま,
ジャム,じゃむ,
砂利,じゃり,
ジャングル,じゃんぐる,
ジャングルジム,じゃんぐるじむ,
ジャンプ,じゃんぷ,
銃,じゅう,
住所,じゅうしょ,
重力,じゅうりょく,
授業,じゅぎょう,
塾,じゅく,
蒸気／蒸汽,じょうき,
上下,じょうげ,
常識,じょうしき,
上達,じょうたつ,
乗馬,じょうば,
情報,じょうほう,
ジョギング,じょぎんぐ,
女子,じょし,
女子会,じょしかい,
女性,じょせい,
地割れ,じわれ,
人口,じんこう,
人工呼吸,じんこうこきゅう,
神社,じんじゃ,
ジンジャーエール,じんじゃーえーる,
人生,じんせい,
人体,じんたい,
人物,じんぶつ,
人名,じんめい,
図,ず,
随一,ずいいち,
随所,ずいしょ,
ずいずいずっころばし,ずいずいずっころばし,
図体,ずうたい,
ズーム,ずーむ,
ズーム,ずーむ,
ズームアップ,ずーむあっぷ,
図画,ずが,
図解,ずかい,
頭蓋骨,ずがいこつ,
図形,ずけい,
図形問題,ずけいもんだい,
図工,ずこう,
図工室,ずこうしつ,
図式,ずしき,
頭上,ずじょう,
頭痛,ずつう,
頭痛外来,ずつうがいらい,
頭痛薬,ずつうやく,
頭突き,ずつき,
ズッキーニ,ずっきーに,
ズッコケ三人組,ずっこけさんにんぐみ,
頭脳,ずのう,
ずぶ濡れ,ずぶぬれ,
図星,ずぼし,
ズラ,ずら,
ズル,ずる,
ズル休み,ずるやすみ,
ずれ,ずれ,
ズワイガニ,ずわいがに,
ずんだ餅,ずんだもち,
寸胴,ずんどう,
寸胴鍋,ずんどうなべ,
税,ぜい,
税込み,ぜいこみ,
贅沢,ぜいたく,
贅肉,ぜいにく,
税別,ぜいべつ,
税務署,ぜいむしょ,
ゼウス,ぜうす,
ゼクシィ,ぜくしぃ,
絶海,ぜっかい,
絶叫,ぜっきょう,
絶句,ぜっく,
絶景,ぜっけい,
絶交,ぜっこう,
絶好調,ぜっこうちょう,
絶食,ぜっしょく,
絶対,ぜったい,
絶大,ぜつだい,
絶対安静,ぜったいあんせい,
絶体絶命,ぜったいぜつめい,
ゼット,ぜっと,
絶壁,ぜっぺき,
絶望,ぜつぼう,
絶妙,ぜつみょう,
絶滅,ぜつめつ,
絶滅危惧種,ぜつめつきぐしゅ,
是非,ぜひ,
ゼブラ,ぜぶら,
ゼブラ柄,ぜぶらがら,
ゼミ,ぜみ,
ゼリー,ぜりー,
ゼリー飲料,ぜりーいんりょう,
ゼルダの伝説,ぜるだのでんせつ,
ゼロ,ぜろ,
善悪,ぜんあく,
善意,ぜんい,
全員集合,ぜんいんしゅうごう,
前回,ぜんかい,
全開,ぜんかい,
全角,ぜんかく,
全額,ぜんがく,
全休,ぜんきゅう,
前屈,ぜんくつ,
前月,ぜんげつ,
前言撤回,ぜんげんてっかい,
前後,ぜんご,
全校,ぜんこう,
全校集会,ぜんこうしゅうかい,
全国,ぜんこく,
全国大会,ぜんこくたいかい,
全国ツアー,ぜんこくつあー,
前後左右,ぜんごさゆう,
前座,ぜんざ,
ぜんざい,ぜんざい,
全集,ぜんしゅう,
全章,ぜんしょう,
全勝,ぜんしょう,
全身麻酔,ぜんしんますい,
前世,ぜんせ,
全世界,ぜんせかい,
喘息,ぜんそく,
全速力,ぜんそくりょく,
全体,ぜんたい,
全体図,ぜんたいず,
前提,ぜんてい,
全敗,ぜんぱい,
全否定,ぜんひてい,
全部,ぜんぶ,
全貌,ぜんぼう,
ゼンマイ,ぜんまい,
ゼンマイ仕掛け,ぜんまいじかけ,
全滅,ぜんめつ,
前夜,ぜんや,
全裸,ぜんら,
善良,ぜんりょう,
全力,ぜんりょく,
象,ぞう,
像,ぞう,
造花,ぞうか,
増加,ぞうか,
増刊号,ぞうかんごう,
臓器,ぞうき,
臓器移植,ぞうきいしょく,
雑木林,ぞうきばやし,
雑巾掛け,ぞうきんがけ,
象牙,ぞうげ,
造語,ぞうご,
増殖,ぞうしょく,
象印,ぞうじるし,
雑炊,ぞうすい,
増築工事,ぞうせつこうじ,
造築,ぞうちく,
贈答,ぞうとう,
雑煮,ぞうに,
造幣局,ぞうへいきょく,
草履,ぞうり,
増量,ぞうりょう,
続出,ぞくしゅつ,
属性,ぞくせい,
続行,ぞっこう,
ゾロ目,ぞろめ,
ゾンビ,ぞんび,
ターゲット,たーげっと,
ターボ,たーぼ,
タイ,たい,
鯛,たい,
体当たり,たいあたり,
体育,たいいく,
体育座り,たいいくずわり,
体温計,たいおんけい,
タイガー,たいがー,
大会,たいかい,
対決,たいけつ,
太鼓,たいこ,
体脂肪,たいしぼう,
体重,たいじゅう,
体重計,たいじゅうけい,
大将,たいしょう,
退場,たいじょう,
大西洋,たいせいよう,
体積,たいせき,
体操,たいそう,
体調,たいちょう,
タイツ,たいつ,
態度,たいど,
タイトル,たいとる,
体内,たいない,
タイプ,たいぷ,
台風,たいふう,
太平洋,たいへいよう,
逮捕,たいほ,
大砲,たいほう,
タイマー,たいまー,
タイミング,たいみんぐ,
タイム,たいむ,
タイヤ,たいや,
たい焼き,たいやき,
太陽,たいよう,
大陸,たいりく,
体力,たいりょく,
タイル,タイル,
田植え,たうえ,
タオル,たおる,
タオルケット,たおるけっと,
鷹,たか,
高さ,たかさ,
高台,たかだい,
多角形,たかっけい,
宝くじ,たからくじ,
宝島,たからじま,
宝物,たからもの,
高笑い,たかわらい,
滝,たき,
焚き木,たきぎ,
タキシード,たきしーど,
焚火,たきび,
タクシー,たくしー,
宅配,たくはい,
企み,たくらみ,
竹,たけ,
竹馬,たけうま,
竹冠,たけかんむり,
筍,たけのこ,
竹やぶ,たけやぶ,
タコ,たこ,
凧揚げ,たこあげ,
たこ焼き,たこやき,
戦い,たたかい,
畳,たたみ,
祟り,たたり,
立ち食い,たちぐい,
立場,たちば,
立ち読み,たちよみ,
タッチパネル,たっちぱねる,
竜巻,たつまき,
盾,たて,
縦笛,たてぶえ,
建物,たてもの,
たとえ話,たとえばなし,
棚,たな,
七夕,たなばた,
谷間,たにま,
狸,たぬき,
煙草,たばこ,
タバスコ,たばすこ,
旅人,たびびと,
食べ物,たべもの,
卵,たまご,
玉子焼き,たまごやき,
ため息,ためいき,
たらい,たらい,
タラコ,たらこ,
タラバガニ,たらばがに,
タレント,たれんと,
タロットカード,たろっとかーど,
タワー,たわー,
タンクローリー,たんくろーりー,
誕生日,たんじょうび,
タンス,たんす,
たんぱく質,たんぱくしつ,
田んぼ,たんぼ,
端末,たんまつ,
血,ち,
チアリーダー,ちありーだー,
地位,ちい,
地域,ちいき,
チーズ,ちーず,
チーター,ちーたー,
チーム,ちーむ,
知恵,ちえ,
チェア,ちぇあ,
チェス,ちぇす,
チェック,ちぇっく,
チェックポイント,ちぇっくぽいんと,
知恵の輪,ちえのわ,
チェリー,ちぇりー,
チェロ,ちぇろ,
チェンジ,ちぇんじ,
地下,ちか,
近く,ちかく,
近頃,ちかごろ,
地下室,ちかしつ,
地下鉄,ちかてつ,
近道,ちかみち,
力,ちから,
力任せ,ちからまかせ,
地球,ちきゅう,
地球儀,ちきゅうぎ,
千切り絵,ちぎりえ,
チキンナゲット,ちきんなげっと,
チキンライス,ちきんらいす,
地区,ちく,
畜生,ちくしょう,
竹輪,ちくわ,
地形,ちけい,
遅刻,ちこく,
知事,ちじ,
知識,ちしき,
地質,ちしつ,
血飛沫,ちしぶき,
地上,ちじょう,
地図,ちず,
血筋,ちすじ,
知性,ちせい,
地層,ちそう,
父上,ちちうえ,
父親,ちちおや,
乳搾り,ちちしぼり,
父の日,ちちのひ,
地中,ちちゅう,
地中海,ちちゅうかい,
窒息,ちっそく,
チップ,ちっぷ,
地底,ちてい,
地デジ,ちでじ,
千歳飴,ちとせあめ,
知能,ちのう,
知能指数,ちのうしすう,
血糊,ちのり,
千葉,ちば,
チベット,ちべっと,
地方,ちほう,
血塗れ,ちまみれ,
地名,ちめい,
知名度,ちめいど,
茶,ちゃ,
叉焼,ちゃーしゅー,
チャイナ,ちゃいな,
チャイム,ちゃいむ,
チャイルド,ちゃいるど,
チャイルドシート,ちゃいるどしーと,
茶色,ちゃいろ,
茶菓子,ちゃがし,
着色,ちゃくしょく,
着席,ちゃくせき,
着地,ちゃくち,
チャック,ちゃっく,
チャリ／チャリンコ,ちゃり／ちゃりんこ,
チャンス,ちゃんす,
チャンネル,ちゃんねる,
注意,ちゅうい,
中央,ちゅうおう,
宙返り,ちゅうがえり,
中学校,ちゅうがっこう,
中国,ちゅうごく,
注射,ちゅうしゃ,
蝶,ちょう,
彫刻,ちょうこく,
頂上,ちょうじょう,
朝食,ちょうしょく,
ちょうちょ結び,ちょうちょむすび,
長方形,ちょうほうけい,
調理師,ちょうりし,
チョーク,ちょーく,
チョキ,ちょき,
チョコレート,ちょこれーと,
チョコレートケーキ,ちょこれーとけーき,
直角,ちょっかく,
塵取り,ちりとり,
チロルチョコ,ちろるちょこ,
チワワ,ちわわ,
チンパンジー,ちんぱんじー,
ツアー,つあー,
追加,ついか,
追跡,ついせき,
ツイッター,ついったー,
ツインテール,ついんてーる,
ツー,つー,
通学,つうがく,
ツー,ショット,つーしょっと
通信販売,つうしんはんばい,
通信簿,つうしんぼ,
通知表,つうちひょう,
ツーリング,つーりんぐ,
ツール,つーる,
通路,つうろ,
通話,つうわ,
杖,つえ,
使い捨て,つかいすて,
使い道,つかいみち,
掴み取り,つかみどり,
疲れ,つかれ,
月,つき,
次,つぎ,
付き合い,つきあい,
月明かり,つきあかり,
付き添い,つきそい,
継足し,つぎたし,
継ぎ接ぎ,つぎはぎ,
月見,つきみ,
月見団子,つきみだんご,
突き指,つきゆび,
机,つくえ,
土筆,つくし,
佃煮,つくだに,
つくつく法師,つくつくぼうし,
作り方,つくりかた,
作り話,つくりばなし,
作り物,つくりもの,
告げ口,つげぐち,
付け根,つけね,
漬物,つけもの,
都合,つごう,
蔦,つた,
土,つち,
土団子,つちだんご,
ツチノコ,つちのこ,
土踏まず,つちふまず,
土埃,つちぼこり,
筒,つつ,
突っ支い棒,つっかいぼう,
突っ掛け,つっかけ,
突っ込み,つっこみ,
包み,つつみ,
包み紙,つつみがみ,
ツナ,つな,
綱,つな,
繋がり,つながり,
繋ぎ,つなぎ,
綱引き,つなひき,
津波,つなみ,
綱渡り,つなわたり,
角,つの,
唾,つば,
椿,つばき,
翼,つばさ,
燕,つばめ,
粒,つぶ,
螺貝,つぶがい,
呟き,つぶやき,
壷,つぼ,
蕾,つぼみ,
妻,つま,
爪先,つまさき,
摘み食い,つまみぐい,
爪楊枝,つまようじ,
罪,つみ,
積み木,つみき,
積荷,つみに,
つむじ,つむじ,
爪,つめ,
爪痕,つめあと,
詰め合わせ,つめあわせ,
詰め替え,つめかえ,
爪切り,つめきり,
積もり,つもり,
艶,つや,
梅雨,つゆ,
強火,つよび,
強み,つよみ,
面,つら,
氷柱,つらら,
釣り,つり,
ツリー,つりー,
釣り糸,つりいと,
吊り革,つりかわ,
釣り竿,つりざお,
吊り橋,つりばし,
釣針,つりばり,
鶴,つる,
剣,つるぎ,
鶴の恩返し,つるのおんがえし,
手,て,
手足,てあし,
手当,てあて,
手洗,てあらい,
ティーカップ,てぃーかっぷ,
ティー,シャツ,てぃーしゃつ
ティーバッグ,てぃーばっく,
定休日,ていきゅうび,
テイクアウト,ていくあうと,
抵抗,ていこう,
偵察,ていさつ,
亭主,ていしゅ,
提出,ていしゅつ,
定食,ていしょく,
ティッシュ,てぃっしゅ,
ティッシュペーパー,てぃっしゅぺーぱー,
程度,ていど,
丁寧,ていねい,
テープ,てーぷ,
テーブル,てーぶる,
手鏡,てかがみ,
手掛り,てがかり,
手書き,てがき,
手形,てがた,
手紙,てがみ,
手柄,てがら,
手軽,てがる,
敵,てき,
的中,てきちゅう,
適当,てきとう,
手際,てぎわ,
テクニック,てくにっく,
テクノロジー,てくのろじー,
手首,てくび,
梃子,てこ,
手提げ,てさげ,
手捌,てさばき,
手品,てじな,
手錠,てじょう,
テスト,てすと,
手摺,てすり,
手相,てそう,
手助け,てだすけ,
手違い,てちがい,
手帳,てちょう,
鉄,てつ,
手,てづかみ,
鉄筋コンクリート,てっきんこんくりーと,
鉄鋼,てっこう,
鉄骨,てっこつ,
鉄則,てっそく,
手続,てつづき,
鉄道,てつどう,
鉄壁,てっぺき,
鉄棒,てつぼう,
鉄砲,てっぽう,
徹夜,てつや,
テディーベア,てでぃーべあ,
テトリス,てとりす,
テニス,てにす,
手荷物,てにもつ,
手縫い,てぬい,
手抜き,てぬき,
手拭い,てぬぐい,
手の内,てのうち,
手の甲,てのこう,
掌,てのひら,
手羽先,てばさき,
手拍子,てびょうし,
手袋,てぶくろ,
手間,てま,
手前,てまえ,
手巻,てまき,
手招き,てまねき,
手土産,てみやげ,
手元,てもと,
寺,てら,
テラス,てらす,
テリトリー,てりとりー,
照り焼き,てりやき,
てりやきバーガー,てりやきばーがー,
手料理,てりょうり,
照れ隠し,てれかくし,
テレパシー,てれぱしー,
テレビ,てれび,
テレビゲーム,てれびげーむ,
テロ,てろ,
手分け,てわけ,
天気,てんき,
天狗,てんぐ,
転校,てんこう,
転校生,てんこうせい,
天国,てんごく,
天使,てんし,
天体観測,てんたいかんそく,
店長,てんちょう,
天つゆ,てんつゆ,
点滴,てんてき,
天ぷら,てんぷら,
点滅,てんめつ,
問,とい,
トイレ,といれ,
トイレットペーパー,といれっとぺーぱー,
唐辛子,とうがらし,
陶器,とうき,
投球,とうきゅう,
闘牛,とうぎゅう,
東京,とうきょう,
東京タワー,とうきょうたわー,
峠,とうげ,
陶芸,とうげい,
凍結,とうけつ,
登校,とうこう,
登校拒否,とうこうきょひ,
東西,とうざい,
東西南北,とうざいなんぼく,
盗作,とうさく,
盗撮,とうさつ,
当時,とうじ,
登場人物,とうじょうじんぶつ,
逃走,とうそう,
盗賊,とうぞく,
灯台,とうだい,
到着,とうちゃく,
豆乳,とうにゅう,
豆腐,とうふ,
逃亡,とうぼう,
糖類,とうるい,
登録,とうろく,
十,とお,
十日,とおか,
トースト,とーすと,
通せん坊,とおせんぼう,
トーナメント,とーなめんと,
遠回り,とおまわり,
通り雨,とおりあめ,
通り道,とおりみち,
都会,とかい,
蜥蜴,とかげ,
時,とき,
溶き卵,ときたまご,
徒競走,ときょうそう,
特技,とくぎ,
特撮,とくさつ,
特徴,とくちょう,
棘,とげ,
時計,とけい,
時計仕掛け,とけいじかけ,
時計台,とけいだい,
時計回り,とけいまわり,
床屋,とこや,
都市,とし,
年,とし,
年上,としうえ,
年越し,としこし,
年下,としした,
戸締,とじまり,
図書,としょ,
年寄,としより,
戸棚,とだな,
土地,とち,
途中,とちゅう,
特急,とっきゅう,
取っ組み合い,とっくみあい,
取っ手,とって,
トッピング,とっぴんぐ,
突風,とっぷう,
トップクラス,とっぷくらす,
トナカイ,となかい,
隣,となり,
殿,との,
飛魚,とびうお,
飛び込み,とびこみ,
飛び出し,とびだし,
跳箱,とびばこ,
扉,とびら,
トマト,とまと,
トマトケチャップ,とまとけちゃっぷ,
泊まり,とまり,
友,とも,
友達,ともだち,
虎,とら,
トラクター,とらくたー,
トラック,とらっく,
トラブル,とらぶる,
トラップ,とらんぷ,
トランプ,とらんぷ,
鳥,とり,
取扱,とりあつかい,
取り替えっこ,とりかえっこ,
鳥籠,とりかご,
鳥小屋,とりごや,
鳥肉,とりにく,
トレーニング,とれーにんぐ,
豚カツ,とんかつ,
豚骨,とんこつ,
豚汁,とんじる,
トンネル,とんねる,
鳶,とんび,
トンボ,とんぼ,
ダーツ,だーつ,
台,だい,
ダイアモンド／ダイヤモンド,だいあもんど／だいやもんど,
ダイエット,だいえっと,
大王,だいおう,
ダイオウイカ,だいおういか,
大学,だいがく,
大学芋,だいがくいも,
大学生,だいがくせい,
大学ノート,だいがくのーと,
大家族,だいかぞく,
大吉,だいきち,
大規模,だいきぼ,
代休,だいきゅう,
大工,だいく,
台形,だいけい,
大好物,だいこうぶつ,
大黒柱,だいこくばしら,
大根おろし,だいこんおろし,
台座,だいざ,
台紙,だいし,
大事,だいじ,
台車,だいしゃ,
大蛇,だいじゃ,
大震災,だいしんさい,
大人物,だいじんぶつ,
ダイス,だいす,
大豆,だいず,
橙色,だいだいいろ,
大打撃,だいだげき,
大多数,だいたすう,
大地,だいち,
大腸,だいちょう,
大統領,だいとうりょう,
大都会,だいとかい,
台所,だいどころ,
大都市,だいとし,
台無し,だいなし,
ダイナマイト,だいなまいと,
ダイニング,だいにんぐ,
代表,だいひょう,
ダイビング,だいびんぐ,
大福,だいふく,
大仏,だいぶつ,
大名,だいみょう,
題名,だいめい,
代役,だいやく,
ダイヤル,だいやる,
代理,だいり,
大リーグ,だいりーぐ,
大流行,だいりゅうこう,
ダウンジャケット,だうんじゃけっと,
ダウンロード,だうんろーど,
唾液,だえき,
楕円形,だえんけい,
駄菓子,だがし,
打楽器,だがっき,
抱き枕,だきまくら,
打撃,だげき,
太宰治,だざいおさむ,
駄作,ださく,
出し惜しみ,だしおしみ,
出し汁,だしじる,
出し巻き卵,だしまきたまご,
駄洒落,だじゃれ,
打席,だせき,
ダチョウ,だちょう,
脱衣所,だついじょ,
ダックスフント,だっくすふんと,
抱っこ,だっこ,
脱獄,だつごく,
ダッシュ,だっしゅ,
脱出,だっしゅつ,
ダッシュボード,だっしゅぼーど,
脱水,だっすい,
脱水症状,だっすいしょうじょう,
脱走,だっそう,
脱皮,だっぴ,
ダッフルコート,だっふるこーと,
伊達眼鏡,だてめがね,
ダニ,だに,
ダブルス,だぶるす,
打撲,だぼく,
ダミー,だみー,
ダム,だむ,
駄目,だめ,
打率,だりつ,
ダルマ,だるま,
ダンゴムシ,だんごむし,
男子,だんし,
男児,だんじ,
ダンス,だんす,
男性,だんせい,
団体,だんたい,
団地,だんち,
旦那,だんな,
ダンプカー,だんぷかー,
暖房,だんぼう,
段ボール,だんぼーる,
暖炉,だんろ,
漬け,づけ,
ヅラ,づら,
出会い,であい,
ディープキス,でぃーぷきす,
デイサービス,でいさーびす,
ディスカウントストア,でぃすかうんとすとあ,
ディスク,でぃすく,
ディズニー,でぃずにー,
ディズニーランド,でぃずにーらんど,
ディスプレイ,でぃすぷれい,
ディナー,でぃなー,
ディフェンス,でぃふぇんす,
デイリー,でいりー,
出入り口,でいりぐち,
デート,でーと,
出遅れ,でおくれ,
出稼ぎ,でかせぎ,
溺愛,できあい,
出来心,できごころ,
出来事,できごと,
溺死,できし,
出来損ない,できそこない,
出来立て,できたて,
出来栄え／出来映え,できばえ,
出来レース,できれーす,
出口,でぐち,
凸凹,でこぼこ,
デコレーションケーキ,でこれーしょんけーき,
デザート,でざーと,
デザイナー,でざいなー,
出先,でさき,
弟子,でし,
弟子入り,でしいり,
デジカメ,でじかめ,
デジタル,でじたる,
デジタル時計,でじたるどけい,
デスク,ですく,
デスクトップ,ですくとっぷ,
でだし,でだし,
でたらめ,でたらめ,
デッドボール,でっどぼーる,
出っ歯,でっぱ,
出っ張り,でっぱり,
出所,でどころ,
デトックス,でとっくす,
デニッシュ,でにっしゅ,
デニム,でにむ,
デパート,でぱーと,
デバイス,でばいす,
出初め,ではじめ,
デパ地下,でぱちか,
デビュー,でびゅー,
デビル,でびる,
デフレ,でふれ,
デマ,でま,
出前,でまえ,
出任せ,でまかせ,
デミグラスソース,でみぐらすそーす,
出店,でみせ,
出迎え,でむかえ,
デメリット,でめりっと,
デモ,でも,
デュエット,でゅえっと,
デリカシー,でりかしー,
デリバリー,でりばりー,
田園風景,でんえんふうけい,
殿下,でんか,
電気,でんき,
伝記,でんき,
電気自動車,でんきじどうしゃ,
電気ショック,でんきしょっく,
電気スタンド,でんきすたんど,
電気ストーブ,でんきすとーぶ,
電球,でんきゅう,
でんぐり返り,でんぐりがえり,
電撃,でんげき,
電子,でんし,
電子辞書,でんしじしょ,
電磁波,でんじは,
電子マネー,でんしまねー,
電車,でんしゃ,
電車ごっこ,でんしゃごっこ,
伝承,でんしょう,
電飾,でんしょく,
伝書鳩,でんしょばと,
電子レンジ,でんしれんじ,
電信柱,でんしんばしら,
伝説,でんせつ,
電卓,でんたく,
電池,でんち,
電柱,でんちゅう,
デンデンムシ,でんでんむし,
電灯,でんとう,
電動歯ブラシ,でんどうはぶらし,
電波,でんぱ,
伝票,でんぴょう,
でんぷん質,でんぷんしつ,
デンマーク,でんまーく,
電力,でんりょく,
電話,でんわ,
電話機,でんわき,
電話番号,でんわばんごう,
度,ど,
ドア,どあ,
ドアノブ,どあのぶ,
ドイツ,どいつ,
ドイツ語,どいつご,
胴,どう,
銅,どう,
同意,どうい,
動画,どうが,
動機,どうき,
同級生,どうきゅうせい,
道具,どうぐ,
洞窟,どうくつ,
道具箱,どうぐばこ,
動向,どうこう,
動作,どうさ,
洞察力,どうさつりょく,
同室,どうしつ,
同種,どうしゅ,
道場,どうじょう,
同色,どうしょく,
動植物,どうしょくぶつ,
同性愛,どうせいあい,
銅像,どうぞう,
同窓会,どうそうかい,
胴体,どうたい,
道徳,どうとく,
動物,どうぶつ,
同盟,どうめい,
銅メダル,どうめだる,
童謡,どうよう,
動力,どうりょく,
同類,どうるい,
道路,どうろ,
ドーナツ,どーなつ,
ドーム,どーむ,
ドール,どーる,
土器,どき,
ドキュメンタリー,どきゅめんたりー,
毒,どく,
土偶,どぐう,
独学,どくがく,
毒ガス,どくがす,
毒消し,どくけし,
読者,どくしゃ,
読書会,どくしょかい,
独身生活,どくしんせいかつ,
独創力,どくそうりょく,
ドクター,どくたー,
毒物,どくぶつ,
独立,どくりつ,
独立国,どくりつこく,
ドクロ,どくろ,
土下座,どげざ,
土砂降り,どしゃぶり,
ドジョウ,どじょう,
どじょうすくい,どじょうすくい,
土星,どせい,
土石流,どせきりゅう,
ドック,どっく,
ドッグ,どっぐ,
ドッジボール,どっじぼーる,
土手,どて,
ドナー,どなー,
土鍋,どなべ,
ドナルド,どなるど,
土日,どにち,
ドブネズミ,どぶねずみ,
土木,どぼく,
ドミノ,どみの,
土曜日,どようび,
ドライカレー,どらいかれー,
ドライバー,どらいばー,
ドライブ,どらいぶ,
ドライフルーツ,どらいふるーつ,
ドライヤー,どらいやー,
ドラキュラ,どらきゅら,
ドラクエ,どらくえ,
ドラッグ,どらっぐ,
ドラッグストア,どらっぐすとあ,
ドラマ,どらま,
ドラマー,どらまー,
ドラム,どらむ,
どら焼き,どらやき,
ドリーム,どりーむ,
ドリブル,どりぶる,
努力,どりょく,
ドリル,どりる,
ドリンク,どりんく,
ドル,どる,
ドル箱,どるばこ,
奴隷,どれい,
ドレス,どれす,
泥,どろ,
ドロップ,どろっぷ,
泥棒,どろぼう,
泥水,どろみず,
ドンキホーテ,どんきほーて,
ドングリ,どんぐり,
丼,どんぶり,
ナースコール,なーすこーる,
内科,ないか,
内緒,ないしょ,
内職,ないしょく,
内緒話,ないしょばなし,
内臓,ないぞう,
ナイター,ないたー,
ナイト,ないと,
ナイフ,ないふ,
内部,ないぶ,
内容,ないよう,
苗,なえ,
苗木,なえぎ,
中,なか,
長生き,ながいき,
長椅子,ながいす,
長靴,ながぐつ,
中頃,なかごろ,
中敷,なかじき,
流し台,ながしだい,
長袖,ながそで,
長旅,ながたび,
仲直り,なかなおり,
中庭,なかにわ,
半ば,なかば,
長話,ながばなし,
中程,なかほど,
仲間,なかま,
仲間入り,なかまいり,
仲間外れ,なかまはずれ,
仲間割れ,なかまわれ,
中身,なかみ,
長持ち,ながもち,
中指,なかゆび,
仲良し,なかよし,
泣（き）顔,なきがお,
鳴（き）声,なきごえ,
泣（き）言,なきごと,
薙刀,なぎなた,
泣き真似,なきまね,
泣（き）虫,なきむし,
無くし物,なくしもの,
殴り合い,なぐりあい,
投げキッス,なげきっす,
ナゲット,なげっと,
投（げ）縄,なげなわ,
投（げ）技,なげわざ,
和み,なごみ,
名古屋,なごや,
名残,なごり,
NASA,なさ,
情け,なさけ,
名指し,なざし,
梨,なし,
馴染み,なじみ,
茄子,なす,
謎,なぞ,
謎解き,なぞとき,
謎謎,なぞなぞ,
鉈,なた,
ナタデココ,なたでここ,
菜種油,なたねあぶら,
雪崩,なだれ,
夏,なつ,
ナッツ,なっつ,
納豆,なっとう,
菜っ葉,なっぱ,
夏祭,なつまつり,
夏休み,なつやすみ,
七,なな,
名札,なふだ,
鍋,なべ,
鍋料理,なべりょうり,
名前,なまえ,
生菓子,なまがし,
生クリーム,なまくりーむ,
怠け者,なまけもの,
海鼠,なまこ,
生チョコレート,なまちょこれーと,
波,なみ,
涙,なみだ,
涙声,なみだごえ,
涙目,なみだめ,
並縫い,なみぬい,
波乗り,なみのり,
ナムル,なむる,
習い事,ならいごと,
ナルシシスト,なるしすと,
鳴門,なると,
ナレーター,なれーたー,
縄,なわ,
縄跳び,なわとび,
南極,なんきょく,
軟骨,なんこつ,
軟水,なんすい,
男女,なんにょ,
軟派,なんぱ,
ナンバー,なんばー,
南蛮漬,なんばんづけ,
南北,なんぼく,
二,に,
にいにい蝉,にいにいぜみ,
臭い,におい,
二階,にかい,
二階建て,にかいだて,
似顔絵,にがおえ,
苦み,にがみ,
二期作,にきさく,
面皰,にきび,
握り,にぎり,
握り拳,にぎりこぶし,
握り鮨,にぎりずし,
握り飯,にぎりめし,
肉,にく,
肉球,にくきゅう,
憎しみ,にくしみ,
肉ジャガ,にくじゃが,
肉汁,にくじゅう,
肉食動物,にくしょくどうぶつ,
荷崩れ,にくずれ,
肉体,にくたい,
肉団子,にくだんご,
肉巻きおにぎり,にくまきおにぎり,
憎まれっ子,にくまれっこ,
肉屋,にくや,
肉料理,にくりょうり,
荷車,にぐるま,
逃げ足,にげあし,
逃げ隠れ,にげかくれ,
逃げ場,にげば,
逃げ道,にげみち,
煮込みハンバーグ,にこみはんばーぐ,
濁り,にごり,
煮転がし,にころがし,
煮魚,にざかな,
二酸化炭素,にさんかたんそ,
西,にし,
二重人格,にじゅうじんかく,
煮汁,にじる,
ニス,にす,
偽,にせ,
偽札,にせさつ,
偽者,にせもの,
偽物,にせもの,
荷台,にだい,
煮玉子,にたまご,
似たもの同士,にたものどうし,
日常,にちじょう,
日没,にちぼつ,
日曜日,にちようび,
日記,にっき,
日記帳,にっきちょう,
ニックネーム,にっくねーむ,
日光,にっこう,
日光浴,にっこうよく,
煮っ転がし,にっころがし,
日誌,にっし,
日射病,にっしゃびょう,
日食,にっしょく,
日直,にっちょく,
日本国憲法,にっぽんこくけんぽう,
二刀流,にとうりゅう,
二度寝,にどね,
二人三脚,ににんさんきゃく,
二の腕,にのうで,
煮干し,にぼし,
日本海,にほんかい,
日本猿,にほんざる,
日本茶,にほんちゃ,
日本刀,にほんとう,
二枚貝,にまいがい,
二枚目,にまいめ,
煮豆,にまめ,
二毛作,にもうさく,
荷物,にもつ,
煮物,にもの,
乳飲料,にゅういんりょう,
入会,にゅうかい,
入学,にゅうがく,
乳牛,にゅうぎゅう,
女房,にゅうぼう,
ニュー,ヨーク,にゅーよーく
ニュース,にゅーす,
如意棒,にょいぼう,
韮,にら,
睨めっこ,にらめっこ,
二輪車,にりんしゃ,
庭,にわ,
にわか雨,にわかあめ,
俄雨,にわかあめ,
鶏,にわとり,
人気,にんき,
人気者,にんきもの,
人魚,にんぎょ,
人形,にんぎょう,
人形劇,にんぎょうげき,
忍者,にんじゃ,
忍耐,にんたい,
大蒜,にんにく,
妊婦,にんぷ,
縫い糸,ぬいいと,
ぬいぐるみ,ぬいぐるみ,
縫い代,ぬいしろ,
縫い針,ぬいばり,
縫い目,ぬいめ,
縫い物,ぬいもの,
ヌー,ぬー,
ヌード,ぬーど,
ヌードル,ぬーどる,
ヌーブラ,ぬーぶら,
糠,ぬか,
糠油,ぬかあぶら,
糠床,ぬかどこ,
糠袋,ぬかぶくろ,
糠味噌,ぬかみそ,
泥濘,ぬかるみ,
抜き足,ぬきあし,
抜き打ちテスト,ぬきうちてすと,
抜型,ぬきがた,
脱ぎ着,ぬぎき,
抜き差し,ぬきさし,
脱ぎ捨て,ぬぎすて,
抜き出し,ぬきだし,
温もり,ぬくもり,
抜け穴,ぬけあな,
抜け駆け,ぬけがけ,
抜け髪,ぬけがみ,
抜け殻,ぬけがら,
抜け毛,ぬけげ,
抜け道,ぬけみち,
主,ぬし,
盗人,ぬすっと,
盗み,ぬすみ,
盗み聞き,ぬすみぎき,
盗み食い,ぬすみぐい,
盗み撮り,ぬすみどり,
盗み読み,ぬすみよみ,
ぬた和え,ぬたあえ,
ぬた鰻,ぬたうなぎ,
布,ぬの,
布おむつ,ぬのおむつ,
布切れ,ぬのきれ,
布地,ぬのじ,
沼,ぬま,
沼地,ぬまち,
滑り,ぬめり,
塗り絵,ぬりえ,
塗り壁,ぬりかべ,
塗り薬,ぬりぐすり,
塗り潰し,ぬりつぶし,
塗り物,ぬりもの,
ぬるま湯,ぬるまゆ,
濡れ紙／濡れ髪,ぬれがみ,
ぬれ煎餅,ぬれせんべい,
濡れ場,ぬれば,
ぬんちゃく,ぬんちゃく,
根,ね,
値上がり,ねあがり,
値上げ,ねあげ,
寝汗,ねあせ,
寝息,ねいき,
ネイルアート,ねいるあーと,
音色,ねいろ,
姉さま,ねえさま,
ネーブル,ねーぶる,
ネーム,ねーむ,
寝起き,ねおき,
願い,ねがい,
願い事,ねがいごと,
寝返り,ねがえり,
寝顔,ねがお,
葱,ねぎ,
ネギトロ,ねぎとろ,
葱間,ねぎま,
値切り,ねぎり,
寝癖,ねぐせ,
ネクタイ,ねくたい,
猫,ねこ,
猫カフェ,ねこかふぇ,
猫被り,ねこかぶり,
寝心地,ねごこち,
寝心地,ねごこち,
猫舌,ねこじた,
猫じゃらし,ねこじゃらし,
猫背,ねこぜ,
猫だまし,ねこだまし,
寝言,ねごと,
猫撫で声,ねこなでごえ,
猫糞,ねこばば,
猫股,ねこまた,
寝込み,ねこみ,
値下がり,ねさがり,
値下げ,ねさげ,
螺子,ねじ,
捩れ,ねじれ,
鼠,ねずみ,
鼠捕り,ねずみとり,
鼠花火,ねずみはなび,
寝相,ねぞう,
ネタ,ねた,
ネタ帳,ねたちょう,
ネタバレ,ねたばれ,
寝違え,ねちがえ,
熱,ねつ,
熱気球,ねつききゅう,
ネックレス,ねっくれす,
根っ子,ねっこ,
熱冷まし,ねつさまし,
熱射病,ねっしゃびょう,
熱帯魚,ねったいぎょ,
熱中,ねっちゅう,
熱中症,ねっちゅうしょう,
ネット,ねっと,
熱湯,ねっとう,
ネットワーク,ねっとわーく,
熱風,ねっぷう,
寝床,ねどこ,
寝泊まり,ねとまり,
粘り気,ねばりけ,
値引き,ねびき,
寝袋,ねぶくろ,
寝不足,ねぶそく,
値札,ねふだ,
寝坊,ねぼう,
寝坊助,ねぼすけ,
寝巻,ねまき,
眠気,ねむけ,
眠り,ねむり,
眠り薬,ねむりぐすり,
眠り姫,ねむりひめ,
狙い,ねらい,
狙い撃ち,ねらいうち,
練り,ねり,
練り物,ねりもの,
年賀状,ねんがじょう,
年月日,ねんがっぴ,
年貢,ねんぐ,
年月,ねんげつ,
年号,ねんごう,
捻挫,ねんざ,
年少,ねんしょう,
年数,ねんすう,
年代,ねんだい,
粘着,ねんちゃく,
粘着力,ねんちゃくりょく,
年長,ねんちょう,
年度,ねんど,
粘土,ねんど,
年度末,ねんどまつ,
ねんね,ねんね,
念仏,ねんぶつ,
粘膜,ねんまく,
年末,ねんまつ,
念力,ねんりき,
燃料,ねんりょう,
年齢,ねんれい,
ノイズ,のいず,
野苺,のいちご,
脳,のう,
能／能楽,のう／のうがく,
農家,のうか,
納会,のうかい,
農機具,のうきぐ,
農業,のうぎょう,
農具,のうぐ,
脳外科医,のうげかい,
脳細胞,のうさいぼう,
野兎,のうさぎ,
農作業,のうさぎょう,
農作,のうさく,
農作物,のうさくぶつ／のうさくもつ,
農産物,のうさんぶつ,
納車,のうしゃ,
濃縮,のうしゅく,
農場,のうじょう,
納税,のうぜい,
農地,のうち,
能天気,のうてんき,
ノート,のーと,
濃度,のうど,
脳味噌,のうみそ,
農薬,のうやく,
能力,のうりょく,
農林水産省,のうりんすいさんしょう,
野菊,のぎく,
軒先,のきさき,
軒下,のきした,
野狐,のぎつね,
野糞,のぐそ,
除け者,のけもの,
鋸,のこぎり,
残り,のこり,
残り滓,のこりかす,
残り物,のこりもの,
野沢菜,のざわな,
野宿,のじゅく,
ノズル,のずる,
覗き見,のぞきみ,
望み,のぞみ,
ノック,のっく,
乗っ取り,のっとり,
野っ原,のっぱら,
のっぺらぼう,のっぺらぼう,
喉,のど,
喉飴,のどあめ,
喉ちんこ,のどちんこ,
喉仏,のどぼとけ,
野鼠,のねずみ,
野花,のばな,
野原,のはら,
野薔薇,のばら,
伸び,のび,
伸び代,のびしろ,
ノブ,のぶ,
信長,のぶなが,
ノベルティ,のべるてぃ,
延べ棒,のべぼう,
上り,のぼり,
上り下り,のぼりおり,
上り下り,のぼりくだり,
登り坂,のぼりざか,
蚤,のみ,
飲み会,のみかい,
飲み掛け,のみかけ,
飲み食い,のみくい,
飲み薬,のみぐすり,
飲み口,のみくち,
飲み込み,のみこみ,
蚤取り,のみとり,
飲み水,のみみず,
蚤虫,のみむし,
飲み物,のみもの,
飲み屋,のみや,
野山,のやま,
野良犬,のらいぬ,
野良猫,のらねこ,
海苔,のり,
糊,のり,
乗り合い,のりあい,
乗り降り,のりおり,
乗り換え,のりかえ,
乗り心地,のりごこち,
乗り越し,のりこし,
糊代,のりしろ,
乗り場,のりば,
海苔巻き,のりまき,
乗り物,のりもの,
乗り物酔い,のりものよい,
ノルウエー,のるうぇー,
呪い,のろい,
歯,は,
刃,は,
葉／葉っぱ,は／はっぱ,
ハート,はーと,
ハーモニカ,はーもにか,
灰,はい,
肺,はい,
灰色,はいいろ,
ハイエナ,はいえな,
排気,はいき,
ハイキング,はいきんぐ,
俳句,はいく,
歯医者,はいしゃ,
排水口,はいすいこう,
ハイスコア,はいすこあ,
配達,はいたつ,
ハイタッチ,はいたっち,
ハイヒール,はいひーる,
廃品回収,はいひんかいしゅう,
敗北,はいぼく,
俳優,はいゆう,
ハエ,はえ,
ハエ叩き,はえたたき,
墓,はか,
ハガキ,はがき,
博士,はかせ,
博多,はかた,
博多駅,はかたえき,
袴,はかま,
吐き気,はきけ,
履物,はきもの,
白衣,はくい,
白菜,はくさい,
白紙,はくし,
拍手,はくしゅ,
薄情,はくじょう,
剥製,はくせい,
白鳥,はくちょう,
ハサミ,はさみ,
箸,はし,
麻疹,はしか,
はしご,はしご,
柱,はしら,
蓮,はす,
旗,はた,
肌触り,はだざわり,
裸足,はだし,
鉢,はち,
八月,はちがつ,
蜂の巣,はちのす,
ハチマキ,はちまき,
蜂蜜,はちみつ,
爬虫類,はちゅうるい,
ハッカ,はっか,
発掘,はっくつ,
初恋,はつこい,
八朔,はっさく,
発売,はつばい,
発表,はっぴょう,
発表会,はっぴょうかい,
発泡スチロール,はっぽうすちろーる,
発明,はつめい,
鳩,はと,
花,はな,
鼻歌,はなうた,
鼻毛,はなげ,
話,はなし,
話し声,はなしごえ,
花束,はなたば,
鼻血,はなぢ,
花畑,はなばたけ,
花火,はなび,
花火大会,はなびたいかい,
花びら,はなびら,
花見,はなみ,
鼻水,はなみず,
花嫁,はなよめ,
羽根,はね,
羽田空港,はねだくうこう,
母,はは,
歯ブラシ,はぶらし,
浜,はま,
浜辺,はまべ,
ハム,はむ,
ハムスター,はむすたー,
刃物,はもの,
早口言葉,はやくちことば,
林,はやし,
ハヤシライス,はやしらいす,
流行,はやり,
針,はり,
針金,はりがね,
張り紙,はりがみ,
ハリネズミ,はりねずみ,
春,はる,
ハローキティ,はろーきてぃ,
ハローワーク,はろーわーく,
ハワイ,はわい,
ハンカチ,はんかち,
ハンコ,はんこ,
火,ひ,
火遊び,ひあそび,
贔屓,ひいき,
ヒーター,ひーたー,
ヒーロー,ひーろー,
冷え症,ひえしょう,
控室,ひかえしつ,
控え目,ひかえめ,
日帰り,ひがえり,
日帰り旅行,ひがえりりょこう,
比較,ひかく,
日陰,ひかげ,
日傘,ひがさ,
東,ひがし,
光,ひかり,
彼岸花,ひがんばな,
引き上げ,ひきあげ,
ヒキガエル,ひきがえる,
弾き語り,ひきがたり,
引き金,ひきがね,
引きこもり,ひきこもり,
引き出し,ひきだし,
引き立て役,ひきたてやく,
引継ぎ,ひきつぎ,
引き出物,ひきでもの,
引戸,ひきど,
ひき肉,ひきにく,
轢き逃げ,ひきにげ,
引き抜き,ひきぬき,
卑怯者,ひきょうもの,
引分け,ひきわけ,
日暮れ,ひぐれ,
髭,ひげ,
髭剃り,ひげそり,
秘訣,ひけつ,
飛行機,ひこうき,
飛行機雲,ひこうきぐも,
飛行場,ひこうじょう,
彦星,ひこぼし,
膝,ひざ,
日差し,ひざし,
肘,ひじ,
ひし形,ひしがた,
飛車,ひしゃ,
秘書,ひしょ,
非常口,ひじょうぐち,
非常食,ひじょうしょく,
ヒスイ,ひすい,
ヒステリー,ひすてりー,
ひそひそ声,ひそひそごえ,
ひそひそ話,ひそひそばなし,
額,ひたい,
左,ひだり,
左手,ひだりて,
引っき傷,ひっかききず,
筆記,ひっき,
引っ越し,ひっこし,
羊,ひつじ,
羊飼い,ひつじかい,
筆者,ひっしゃ,
必勝,ひっしょう,
ヒッチハイク,ひっちはいく,
ヒット,ひっと,
否定,ひてい,
人,ひと,
一押し,ひとおし,
人影,ひとかげ,
人柄,ひとがら,
他人事,ひとごと,
人混み,ひとごみ,
人殺し,ひとごろし,
人差指,ひとさしゆび,
人質,ひとじち,
人手,ひとで,
ヒトデ,ひとで,
一眠り,ひとねむり,
瞳,ひとみ,
一目惚れ,ひとめぼれ,
独り言,ひとりごと,
日向,ひなた,
ひなたぼっこ,ひなたぼっこ,
雛人形,ひなにんぎょう,
雛祭り,ひなまつり,
日にち,ひにち,
ヒノキ,ひのき,
火花,ひばな,
日々,ひび,
響き,ひびき,
ひび割れ,ひびわれ,
暇,ひま,
ヒマワリ,ひまわり,
秘密,ひみつ,
ヒヤシンス,ひやしんす,
冷奴,ひややっこ,
豹,ひょう,
表紙,ひょうし,
平手,ひらて,
ヒラメ,ひらめ,
昼休み,ひるやすみ,
ヒント,ひんと,
負,ふ,
ファイア/ファイヤ/ファイヤー,ふぁいあ/ふぁいや/ふぁいやー,
ファイト,ふぁいと,
ファイナル,ふぁいなる,
ファイル,ふぁいる,
ファスナー,ふぁすなー,
ファックス,ふぁっくす,
ファッションモデル,ふぁっしょんもでる,
ファミリー,ふぁみりー,
ファミリーカー,ふぁみりーかー,
ファミリーマート,ふぁみりーまーと,
ファンクラブ,ふぁんくらぶ,
不安定,ふあんてい,
フィーバー,ふぃーばー,
フィギュア,ふぃぎゅあ,
フィッシュバーガー,ふぃっしゅばーがー,
風車,ふうしゃ,
風習,ふうしゅう,
風水,ふうすい,
風速,ふうそく,
封筒,ふうとう,
夫婦,ふうふ,
風味,ふうみ,
笛,ふえ,
フェラーリ,ふぇらーり,
フェルト,ふぇると,
フェレット,ふぇれっと,
フェンシング,ふぇんしんぐ,
フェンス,ふぇんす,
フォアグラ,ふぉあぐら,
ふ化,ふか,
深さ,ふかさ,
麩菓子,ふがし,
蒸かし芋,ふかしいも,
深爪,ふかづめ,
フカヒレ,ふかひれ,
吹き替え,ふきかえ,
拭き掃除,ふきそうじ,
ふきのとう,ふきのとう,
吹き矢,ふきや,
服,ふく,
フグ,ふぐ,
福岡,ふくおか,
副作用,ふくさよう,
福祉,ふくし,
福島,ふくしま,
袋,ふくろ,
フクロウ,ふくろう,
フケ,ふけ,
不潔,ふけつ,
不幸,ふこう,
富豪,ふごう,
不公平,ふこうへい,
不在,ふざい,
藤,ふじ,
不思議,ふしぎ,
不思議の国のアリス,ふしぎのくにのありす,
不自然,ふしぜん,
不死身,ふじみ,
負傷,ふしょう,
不審者,ふしんしゃ,
ふすま,ふすま,
不正,ふせい,
不足,ふそく,
蓋,ふた,
札,ふだ,
双子,ふたご,
ふたご座,ふたござ,
双葉,ふたば,
淵,ふち,
普通,ふつう,
普通自動車,ふつうじどうしゃ,
二日酔い,ふつかよい,
フック,ふっく,
フッ素,ふっそ,
筆,ふで,
筆箱,ふでばこ,
不登校,ふとうこう,
布団カバー,ふとんかばー,
布団たたき,ふとんたたき,
フナ,ふな,
船,ふね,
不燃ごみ,ふねんごみ,
不発,ふはつ,
吹雪,ふぶき,
不法投棄,ふほうとうき,
踏切,ふみきり,
冬,ふゆ,
冬休み,ふゆやすみ,
不用品,ふようひん,
フライ,ふらい,
フランス,ふらんす,
不利,ふり,
フルーツ,ふるーつ,
フルーツジュース,ふるーつじゅーす,
フルーツタルト,ふるーつたると,
フルーツポンチ,ふるーつぽんち,
風呂,ふろ,
付録,ふろく,
噴火,ふんか,
屁,へ,
ヘアー,へあー,
ヘアアクセサリー,へああくせさりー,
ヘアースタイル,へあーすたいる,
ヘアアレンジ,へああれんじ,
ヘアカラー,へあからー,
ヘアスプレー,へあすぷれー,
ヘアバンド,へあばんど,
ヘアブラシ,へあぶらし,
ヘアメイク,へあめいく,
塀,へい,
兵,へい,
平安時代,へいあんじだい,
陛下,へいか,
閉会式,へいかいしき,
兵器,へいき,
平気,へいき,
平均台,へいきんだい,
平行,へいこう,
平行四辺形,へいこうしへんけい,
閉鎖,へいさ,
兵士,へいし,
平日,へいじつ,
平日休み,へいじつやすみ,
平成,へいせい,
兵隊,へいたい,
平地,へいち,
平熱,へいねつ,
平方キロメートル,へいほうきろめーとる,
平面図,へいめんず,
平野,へいや,
兵力,へいりょく,
平和,へいわ,
ヘ音記号,へおんきごう,
壁画,へきが,
ヘクタール,へくたーる,
凹み,へこみ,
へそ,へそ,
へそくり,へそくり,
へそ出し,へそだし,
へその緒,へそのお,
へそのごま,へそのごま,
へそピアス,へそぴあす,
下手,へた,
へた,へた,
へたうま,へたうま,
ヘタクソ,へたくそ,
へちま,へちま,
ヘッド,へっど,
ヘッドカバー,へっどかばー,
ヘッドスパ,へっどすぱ,
ヘッドライト,へっどらいと,
へっぽこ,へっぽこ,
ヘディング,へでぃんぐ,
ヘディングシュート,へでぃんぐしゅーと,
へどろ,へどろ,
へなちょこ,へなちょこ,
への字,へのじ,
へのへのもへじ,へのへのもへじ,
蛇,へび,
ヘビー級,へびーきゅう,
蛇苺,へびいちご,
ヘビロテ,へびろて,
へぼ,へぼ,
へま,へま,
部屋,へや,
部屋着,へやぎ,
部屋番号,へやばんごう,
部屋干し,へやぼし,
部屋割り,へやわり,
ヘラ,へら,
ヘリウムガス,へりうむがす,
屁理屈,へりくつ,
ヘリコプター,へりこぷたー,
ヘリポート,へりぽーと,
ヘルスケア,へるすけあ,
ヘルニア,へるにあ,
ヘルパー,へるぱー,
ヘルプ,へるぷ,
ヘルペス,へるぺす,
ヘルメット,へるめっと,
ヘレンケラー,へれんけらー,
変化,へんか,
変化球,へんかきゅう,
偏屈,へんくつ,
変形,へんけい,
変更,へんこう,
返済,へんさい,
返事,へんじ,
変質者,へんしつしゃ,
編集,へんしゅう,
編集長,へんしゅうちょう,
編集部,へんしゅうぶ,
変色,へんしょく,
偏頭痛,へんずつう,
変装,へんそう,
変態,へんたい,
へんてこ,へんてこ,
変動,へんどう,
扁平足,へんぺいそく,
帆,ほ,
ホイール,ほいーる,
保育士,ほいくし,
保育所,ほいくしょ,
ホイッスル,ほいっする,
ホイップ,ほいっぷ,
ホイル焼き,ほいるやき,
包囲,ほうい,
方位,ほうい,
放火,ほうか,
方角,ほうがく,
放課後,ほうかご,
方眼紙,ほうがんし,
ほうき,ほうき,
方向,ほうこう,
方向音痴,ほうこうおんち,
芳香剤,ほうこうざい,
報告,ほうこく,
豊作,ほうさく,
方式,ほうしき,
ほうじ茶,ほうじちゃ,
放射能,ほうしゃのう,
放水,ほうすい,
宝石,ほうせき,
放送,ほうそう,
法則,ほうそく,
包帯,ほうたい,
放置,ほうち,
包丁,ほうちょう,
褒美,ほうび,
方法,ほうほう,
宝物,ほうもつ,
法律,ほうりつ,
放流,ほうりゅう,
放送委員会,ほうそういいんかい,
ホース,ほーす,
他,ほか,
捕獲,ほかく,
補給,ほきゅう,
北斗七星,ほくとしちせい,
北部,ほくぶ,
北米,ほくべい,
北陸,ほくりく,
北陸地方,ほくりくちほう,
ホクロ,ほくろ,
火垂るの墓,ほたるのはか,
補欠,ほけつ,
保健室,ほけんしつ,
歩行者,ほこうしゃ,
保護者,ほごしゃ,
祠,ほこら,
誇り,ほこり,
埃,ほこり,
星,ほし,
星占い,ほしうらない,
干し柿,ほしがき,
星形,ほしがた,
干し草,ほしくさ,
星空,ほしぞら,
干し葡萄,ほしぶどう,
捕手,ほしゅ,
補助,ほじょ,
回鍋肉,ほいこーろー,
細巻き,ほそまき,
保存食,ほぞんしょく,
ホタテ,ほたて,
蛍,ほたる,
北海道,ほっかいどう,
北極,ほっきょく,
北極星,ほっきょくせい,
ホッチキス,ほっちきす,
ホットケーキ,ほっとけーき,
ホットドッグ,ほっとどっぐ,
ホットプレート,ほっとぷれーと,
ホテル,ほてる,
歩道,ほどう,
仏,ほとけ,
ホトトギス,ほととぎす,
哺乳類,ほにゅうるい,
骨,ほね,
骨組み,ほねぐみ,
炎,ほのお,
歩幅,ほはば,
ホビー,ほびー,
頬／ほっぺ／ほっぺた,ほほ／ほっぺ／ほっぺた,
微笑み,ほほえみ,
誉め言葉,ほめことば,
洞穴,ほらあな,
ホワイトカラー,ほわいとからー,
ホワイトチョコレート,ほわいとちょこれーと,
ホワイトデー,ほわいとでー,
本気,ほんき,
本日,ほんじつ,
本州,ほんしゅう,
本性,ほんしょう,
本棚,ほんだな,
本音,ほんね,
本箱,ほんばこ,
本物,ほんもの,
本屋,ほんや,
バー,ばー,
バーガー,ばーがー,
バーチャル,ばーちゃる,
バーテンダー,ばーてんだー,
バーナー,ばーなー,
バーニャカウダー,ばーにゃかうだー,
バービー,ばーびー,
バール,ばーる,
倍,ばい,
バイク,ばいく,
バイタル,ばいたる,
バイト,ばいと,
梅肉,ばいにく,
売買,ばいばい,
バイパス,ばいぱす,
バイブ,ばいぶ,
培養,ばいよう,
バウンド,ばうんど,
バカ,ばか,
バカ騒ぎ,ばかさわぎ,
バカタレ,ばかたれ,
ばか者,ばかもの,
バカンス,ばかんす,
バギー,ばぎー,
バキューム,ばきゅーむ,
バク,ばく,
麦芽,ばくが,
爆撃,ばくげき,
爆竹,ばくちく,
バクテリア,ばくてりあ,
爆発,ばくはつ,
幕府,ばくふ,
爆風,ばくふう,
暴露,ばくろ,
バケツ,ばけつ,
化け猫,ばけねこ,
化の皮,ばけのかわ,
化け物,ばけもの,
バザー,ばざー,
馬刺し,ばさし,
馬車,ばしゃ,
場所,ばしょ,
バジル,ばじる,
バス,ばす,
バスガイド,ばすがいど,
バスケット,ばすけっと,
バスケットボール,ばすけっとぼーる,
バスタオル,ばすたおる,
バスタブ,ばすたぶ,
バス停,ばすてい,
バスルーム,ばするーむ,
バター,ばたー,
バタフライ,ばたふらい,
罰,ばつ,
バック,ばっく,
バッグ,ばっぐ,
罰ゲーム,ばつげーむ,
バッジ,ばっじ,
バッタ,ばった,
バッター,ばったー,
バッテラ,ばってら,
バッテリー,ばってりー,
バット,バット,
バトル,ばとる,
バトンタッチ,ばとんたっち,
バナナ,ばなな,
バニー,ばにー,
バニーガール,ばにーがーる,
馬肉,ばにく,
バニラ,ばにら,
バニラアイス,ばにらあいす,
バニラシェイク,ばにらしぇいく,
バネ,ばね,
ババァ,ばばぁ,
ババロア,ばばろあ,
バブル,ばぶる,
バラ,ばら,
バラ色,ばらいろ,
バラエティ,ばらえてぃ,
バランス,ばらんす,
バリア/バリヤ,ばりあ/ばりや,
馬力,ばりき,
バリ島,ばりとう,
バルブ,ばるぶ,
バレエ,ばれえ,
バレーボール,ばれーぼーる,
バレリーナ,ばれりーな,
番組,ばんぐみ,
番組表,ばんぐみひょう,
番号,ばんごう,
バンコク,ばんこく,
バンジージャンプ,ばんじーじゃんぷ,
バンズ,ばんず,
バンダナ,ばんだな,
番地,ばんち,
バンド,ばんど,
バンパー,ばんぱー,
バンバンジー,ばんばんじー,
バンビ,ばんび,
晩飯,ばんめし,
BS,びーえす,
ビーカー,びーかー,
B級,びーきゅう,
B級グルメ,びーきゅうぐるめ,
BGM,びーじーえむ,
ビーズ,びーず,
ビースト,びーすと,
ビー玉,びーだま,
ビーチ,びーち,
ビーチサンダル,びーちさんだる,
ビーチパラソル,びーちぱらそる,
ビーチバレー,びーちばれー,
ビーナス,びーなす,
ビーバー,びーばー,
ビーフ,びーふ,
ビーフカレー,びーふかれー,
ビーフシチュー,びーふしちゅー,
ビーフジャーキー,びーふじゃーきー,
ビーフステーキ,びーふすてーき,
ビーム,びーむ,
ビール,びーる,
ビール工場,びーるこうじょう,
ビーンズ,びーんず,
ビオレ,びおれ,
美化,びか,
美学,びがく,
ビギナー,びぎなー,
ビキニ,びきに,
ビクトリー,びくとりー,
美形,びけい,
ビジネス,びじねす,
ビジネスホテル,びじねすほてる,
微弱,びじゃく,
ビジュアル,びじゅある,
美術,びじゅつ,
美女,びじょ,
美少女,びしょうじょ,
ビスケット,びすけっと,
微生物,びせいぶつ,
ビタミンC,びたみんしー,
備蓄,びちく,
ビッグイベント,びっぐいべんと,
びっくり箱,びっくりばこ,
尾てい骨,びていこつ,
ビデオ,びでお,
ビデオカメラ,びでおかめら,
ビデオゲーム,びでおげーむ,
美的センス,びてきせんす,
微糖,びとう,
ビニール,びにーる,
ビニール傘,びにーるかさ,
ビニールシート,びにーるしーと,
ビニールテープ,びにーるてーぷ,
ビニール手袋,びにーるてぶくろ,
ビニールハウス,びにーるはうす,
ビニール袋,びにーるぶくろ,
微熱,びねつ,
美肌,びはだ,
ビビンバ,びびんば,
ビブラート,びぶらーと,
美貌,びぼう,
美味,びみ,
ビューティー,びゅーてぃー,
ビュッフェ,びゅっふぇ,
秒,びょう,
美容,びよう,
美容液,びようえき,
病気,びょうき,
美容外科,びようげか,
病欠,びょうけつ,
病原体,びょうげんたい,
病死,びょうし,
美容師,びようし,
病室,びょうしつ,
美容室,びようしつ,
描写,びょうしゃ,
美容整形,びようせいけい,
美容専門学校,びようせんもんがっこう,
秒速,びょうそく,
病棟,びょうとう,
平等,びょうどう,
病名,びょうめい,
秒読み,びょうよみ,
ビラ,びら,
ビラ配り,びらくばり,
びりっけつ,びりっけつ,
ビリヤード,びりやーど,
ビリヤード台,びりやーどだい,
微粒子,びりゅうし,
ビル,びる,
びわ,びわ,
琵琶湖,びわこ,
敏感肌,びんかんはだ,
ビンゴ,びんご,
ビンゴ大会,びんごたいかい,
瓶詰め,びんづめ,
ビンテージ,びんてーじ,
貧乏,びんぼう,
貧乏神,びんぼうがみ,
貧乏ゆすり,びんぼうゆすり,
無愛想,ぶあいそう,
ブイヤベース,ぶいやべーす,
ブーイング,ぶーいんぐ,
ブーケ,ぶーけ,
ブーツ,ぶーつ,
ブーム,ぶーむ,
部下,ぶか,
部活,ぶかつ,
不恰好,ぶかっこう,
武器,ぶき,
不器用,ぶきよう,
ブサイク,ぶさいく,
無様,ぶざま,
武士,ぶし,
無事,ぶじ,
部室,ぶしつ,
侮辱,ぶじょく,
武装,ぶそう,
部族,ぶぞく,
豚,ぶた,
舞台,ぶたい,
部隊,ぶたい,
舞台稽古,ぶたいげいこ,
豚キムチ,豚キムチ,
豚小屋,ぶたごや,
豚しゃぶ,ぶたしゃぶ,
豚肉,ぶたにく,
豚バラ,ぶたばら,
部長,ぶちょう,
ぶっかけ蕎麦,ぶっかけそば,
仏教,ぶっきょう,
ぶつ切り,ぶつぎり,
ブック,ぶっく,
ブックストア,ぶっくすとあ,
ブックマーク,ぶっくまーく,
物体,ぶったい,
ぶどう,ぶどう,
武道,ぶどう,
舞踏会,ぶとうかい,
ぶどうジュース,ぶどうじゅーす,
ブドウ糖,ぶどうとう,
葡萄畑,ぶどうばたけ,
ブラインド,ぶらいんど,
ブラウザ,ぶらうざ,
ブラウス,ぶらうす,
ブラウニー,ぶらうにー,
ブラシ,ぶらし,
ブラジャー,ぶらじゃー,
ブラジル,ぶらじる,
ブラジル料理,ぶらじるりょうり,
ブラック,ぶらっく,
ブラック企業,ぶらっくきぎょう,
ブラックジャック,ぶらっくじゃっく,
ブラックバス,ぶらっくばす,
ブラックペッパー,ぶらっくぺっぱー,
ブラックホール,ぶらっくほーる,
ブラックリスト,ぶらっくりすと,
ブランケット,ぶらんけっと,
ブランコ,ぶらんこ,
ブランド,ぶらんど,
ブランドショップ,ぶらんどしょっぷ,
鰤,ぶり,
ブリーチ,ぶりーち,
ブリキ,ぶりき,
ぶりっこ,ぶりっこ,
ブリッジ,ぶりっじ,
ブルー,ぶるー,
ブルーギル,ぶるーぎる,
Bluetooth,ぶるーとぅーす,
ブルーハワイ,ぶるーはわい,
ブルーベリー,ぶるーべりー,
ブルーベリージャム,ぶるーべりーじゃむ,
ブルーベリータルト,ぶるーべりーたると,
ブルーライト,ぶるーらいと,
ブルーレイディスク,ぶるーれいでぃすく,
ブルーレイレコーダー,ぶるーれいれこーだー,
ブルドーザー,ぶるどーざー,
ブルドッグ,ぶるどっぐ,
ブレイク,ぶれいく,
ブレーキ,ぶれーき,
ブレザー,ぶれざー,
ブロー,ぶろー,
ブローチ,ぶろーち,
ブロック,ぶろっく,
ブロッコリー,ぶろっこりー,
文化,ぶんか,
分解,ぶんかい,
文化祭,ぶんかさい,
分割,ぶんかつ,
分子,ぶんし,
分析,ぶんせき,
文鳥,ぶんちょう,
文通,ぶんつう,
分度器,ぶんどき,
分別,ぶんべつ,
文房具,ぶんぼうぐ,
文明,ぶんめい,
分離,ぶんり,
分量,ぶんりょう,
分類,ぶんるい,
ベア,べあ,
ベイクドチーズケーキ,べいくどちーずけーき,
米軍基地,べいぐんきち,
米国,べいこく,
ベイスターズ,べいすたーず,
ベイマックス,べいまっくす,
ベーカリー,べーかりー,
ベーキングパウダー,べーきんぐぱうだー,
ベーグル,べーぐる,
ベーコンエッグ,べーこんえっぐ,
ベーコンスライス,べーこんすらいす,
ベーコンチーズ,べーこんちーず,
ベーコンブロック,べーこんぶろっく,
ベーコンレタスバーガー,べーこんれたすばーがー,
ベーシック,べーしっく,
ベージュ,べーじゅ,
ベースギター,べーすぎたー,
ベースボール,べーすぼーる,
ベジタブル,べじたぶる,
ベスト,べすと,
ベストアルバム,べすとあるばむ,
ベストアンサー,べすとあんさー,
ベストセラー,べすとせらー,
ベストタイム,べすとたいむ,
別格,べっかく,
別居,べっきょ,
べっこう飴,べっこうあめ,
別行動,べつこうどう,
別冊,べっさつ,
別室,べっしつ,
別姓,べっせい,
別世界,べつせかい,
別荘,べっそう,
べったら漬け,べったらづけ,
ベッド,べっど,
ベッドカバー,べっどかばー,
ベッドシーツ,べっどしーつ,
ベッドマット,べっどまっと,
ベッドマット,べっどまっと,
ベッドルーム,べっどるーむ,
別腹,べつばら,
別府,べっぷ,
別名,べつめい,
ベトナム,べとなむ,
ベトナム語,べとなむご,
ベトナム料理,べとなむりょうり,
紅色,べにいろ,
紅鮭,べにざけ,
紅しょうが,べにしょうが,
ベニヤ,べにや,
ベニヤ板,べにやいた,
ベネズエラ,べねずえら,
ベネッセ,べねっせ,
ベビー／ベイビー,べびー/べいびー,
ベビーオイル,べびーおいる,
ベビーカー,べびーかー,
ベビーカステラ,べびーかすてら,
ベビーザらス,べびーざらす,
ベビーシッター,べびーしったー,
ベビースター,べびーすたー,
ベビーチーズ,べびーちーず,
ベビードール,べびーどーる,
ベビーパウダー,べびーぱうだー,
ベビーフード,べびーふーど,
ベビー服,べびーふく,
ベランダ,べらんだ,
ベリー,べりー,
ベリーショート,べりーしょーと,
ベリータルト,べりーたると,
ベリーダンス,べりーだんす,
ベル,べる,
ベルギー,べるぎー,
ベルギーワッフル,べるぎーわっふる,
ベルサイユ,べるさいゆ,
ベルト,べると,
ベルトコンベア／ベルトコンベアー,べるとこんべあ／べるとこんべあー,
ベルマーク,べるまーく,
ベルリンの壁,べるりんのかべ,
ベレー帽,べれーぼう,
ベロ,べろ,
ベンガル虎,べんがるとら,
便器,べんき,
勉強,べんきょう,
勉強机,べんきょうづくえ,
弁護士,べんごし,
弁護士事務所,べんごしじむしょ,
便座,べんざ,
便所,べんじょ,
弁償,べんしょう,
ベンチ,べんち,
ベンチプレス,べんちぷれす,
ベンツ,べんつ,
弁当,べんとう,
弁当代,べんとうだい,
弁当箱,べんとうばこ,
弁当屋,べんとうや,
便秘,べんぴ,
便秘症,べんぴしょう,
便利グッズ,べんりぐっず,
便利屋,べんりや,
ボイコット,ぼいこっと,
ボイス,ぼいす,
ボイスチェンジャー,ぼいすっちぇんじゃー,
ボイストレーニング,ぼいすとれーにんぐ,
ボイスメモ,ぼいすめも,
ボイスレコーダー,ぼいすれこーだー,
ボイラー,ぼいらー,
ボイル,ぼいる,
棒,ぼう,
防衛,ぼうえい,
望遠鏡,ぼうえんきょう,
防火,ぼうか,
妨害,ぼうがい,
防火シャッター,ぼうかしゃったー,
防寒具,ぼうかんぐ,
防御,ぼうぎょ,
棒切れ,ぼうきれ,
防具,ぼうぐ,
棒グラフ,ぼうぐらふ,
冒険家,ぼうけんか,
冒険小説,ぼうけんしょうせつ,
暴行,ぼうこう,
防災,ぼうさい,
帽子,ぼうし,
防止,ぼうし,
防臭剤,ぼうしゅうざい,
坊主,ぼうず,
坊主頭,ぼうずあたま,
防水加工,ぼうすいかこう,
暴走,ぼうそう,
暴走族,ぼうそうぞく,
膨大,ぼうだい,
棒高跳び,ぼうたかとび,
棒立ち,ぼうだち,
防弾チョッキ,ぼうだんちょっき,
防虫剤,ぼうちゅうざい,
膨張,ぼうちょう,
忘年会,ぼうねんかい,
防波堤,ぼうはてい,
防犯カメラ,ぼうはんかめら,
暴風,ぼうふう,
坊や,ぼうや,
暴力,ぼうりょく,
ボウリング,ぼうりんぐ,
亡霊,ぼうれい,
ボーイ,ぼーい,
ボーカル,ぼーかる,
ボーダー,ぼーだー,
ボート,ぼーと,
ボード,ぼーど,
ボードゲーム,ぼーどげーむ,
ボートレース,ぼーとれーす,
ボーナス,ぼーなす,
ボール,ぼーる,
募金箱,ぼきんばこ,
ボクサー,ぼくさー,
ボクサーパンツ,ぼくさーぱんつ,
牧師,ぼくし,
墨汁,ぼくじゅう,
牧場,ぼくじょう,
ボクシング,ぼくしんぐ,
ボクシングジム,ぼくじんぐじむ,
木刀,ぼくとう,
墓穴,ぼけつ,
凹,ぼこ,
募集,ぼしゅう,
ボス,ぼす,
母性本能,ぼせいほんのう,
墓石,ぼせき,
ボタニカル,ぼたにかる,
ボタニカルシャンプー,ぼたにかるしゃんぷー,
牡丹餅,ぼたもち,
墓地,ぼち,
没,ぼつ,
ボックス,ぼっくす,
没収,ぼっしゅう,
ぼったくり,ぼったくり,
ボディー／ボディ,ぼでぃー／ぼでぃ,
ボディーガード,ぼでぃーがーど,
ボトル,ぼとる,
母乳,ぼにゅう,
母乳育児,ぼにゅういくじ,
母乳パッド,ぼにゅうぱっど,
ボブスレー,ぼぶすれー,
ボランティア,ぼらんてぃあ,
ボリューム,ぼりゅーむ,
ボルト,ぼると,
ぼろくそ,ぼろくそ,
ぼろ負け,ぼろまけ,
ぼろ儲け,ぼろもうけ,
盆踊り,ぼんおどり,
盆栽,ぼんさい,
盆地,ぼんち,
ボンド,ぼんど,
ボンネット,ぼんねっと,
煩悩,ぼんのう,
ボンベ,ぼんべ,
凡ミス,ぼんみす,
盆休み,ぼんやすみ,
ボンレスハム,ぼんれすはむ,
パー,ぱー,
パーカー,ぱーかー,
パーキング,ぱーきんぐ,
パーク,ぱーく,
パーセント,ぱーせんと,
パーソナルコンピューター,ぱーそなるこんぴゅーたー,
パーツ,ぱーつ,
パーティー,ぱーてぃー,
パート,ぱーと,
パートナー,ぱーとなー,
パーフェクト,ぱーふぇくと,
パープル,ぱーぷる,
パール,ぱーる,
パイ,ぱい,
パイオニア,ぱいおにあ,
パイシート,ぱいしーと,
パイナップル,ぱいなっぷる,
パイプ,ぱいぷ,
パイル,ぱいる,
パイレーツ,ぱいれーつ,
パイロット,ぱいろっと,
パウダー,ぱうだー,
パウダーシュガー,ぱうだーしゅがー,
パウチ,ぱうち,
パウンドケーキ,ぱうんどけーき,
パエリア,ぱえりあ,
パグ,ぱぐ,
パクチー,ぱくちー,
ぱくり,ぱくり,
パケット,ぱけっと,
パジャマ,ぱじゃま,
パシリ,ぱしり,
パス,ぱす,
パスタ,ぱすた,
パスタサラダ,ぱすたさらだ,
パスタソース,ぱすたそーす,
パスタ鍋,ぱすたなべ,
パステル,ぱすてる,
パステルカラー,ぱすてるからー,
パスポート,ぱすぽーと,
パズル,ぱずる,
パスワード,ぱすわーど,
パセリ,ぱせり,
パソコン教室,ぱそこんきょうしつ,
パチスロ,ぱちすろ,
パチンコ,ぱちんこ,
パチンコ台,ぱちんこだい,
パック,ぱっく,
パッケージ,ぱっけーじ,
パッションフルーツ,ぱっしょんふるーつ,
パッチワーク,ぱっちわーく,
パッド,ぱっど,
パテ,ぱて,
パティシエ,ぱてぃしえ,
パトカー,ぱとかー,
パトロール,ぱとろーる,
パニック,ぱにっく,
パネル,ぱねる,
パノラマ,ぱのらま,
パノラマ撮影,ぱのらまさつえい,
パパ,ぱぱ,
パパイア／パパイヤ,ぱぱいあ／ぱぱいや,
パパラッチ,ぱぱらっち,
パピー,ぱぴー,
パプアニューギニア,ぱぷあにゅーぎにあ,
パフェ,ぱふぇ,
パフォーマンス,ぱふぉーまんす,
パプリカ,ぱぷりか,
パラグライダー,ぱらぐらいだー,
パラシュート,ぱらしゅーと,
パラソル,ぱらそる,
パラダイス,ぱらだいす,
パラパラ漫画,ぱらぱらまんが,
パラメーター,ぱらめーたー,
パラリンピック,ぱらりんぴっく,
パラレルワールド,ぱられるわーるど,
パリ,ぱり,
パリジェンヌ,ぱりじぇんぬ,
パルメザンチーズ,ぱるめざんちーず,
パレード,ぱれーど,
パレット,ぱれっと,
パワー,ぱわー,
パワーアップ,ぱわーあっぷ,
パワーハラスメント,ぱわーはらすめんと,
パン生地,ぱんきじ,
パンク,ぱんく,
パン食い競争,ぱんくいきょうそう,
パンくず,ぱんくず,
パンケーキ,ぱんけーき,
パン粉,ぱんこ,
パンジー,ぱんじー,
パンダ,ぱんだ,
パンチ,ぱんち,
パンチパーマ,ぱんちぱーま,
パンツ,ぱんつ,
パンティー,ぱんてぃー,
パントマイム,ぱんとまいむ,
パンナコッタ,ぱんなこった,
パンフレット,ぱんふれっと,
パン屋,ぱんや,
ピアス,ぴあす,
ピアニカ,ぴあにか,
ピアニスト,ぴあにすと,
ピアニッシモ,ぴあにっしも,
ピアノ,ぴあの,
ピアノ教室,ぴあのきょうしつ,
PR,ぴーあーる,
ピーク,ぴーく,
ピース,ぴーす,
ピーターラビット,ぴーたーらびっと,
ピーチ,ぴーち,
ピーチ姫,ぴーちひめ,
PTA,ぴーてぃーえー,
ピーナッツ／ピーナツ,ぴーなっつ／ぴーなつ,
ピーナッツバター／ピーナツバター,ぴーなっつばたー／ぴーなつばたー,
ピーラー,ぴーらー,
ピエロ,ぴえろ,
ピオーネ,ぴおーね,
ピカソ,ぴかそ,
ピクセル,ぴくせる,
ピクチャー,ぴくちゃー,
ピクニック,ぴくにっく,
ピクルス,ぴくるす,
ピザ／ピッツァ,ぴざ／ぴっつぁ,
ピザソース,ぴざそーす,
ピザトースト,ぴざとーすと,
ピスタチオ,ぴすたちお,
ピストル,ぴすとる,
ピタゴラス,ぴたごらす,
ピッキング,ぴっきんぐ,
ピックアップ,ぴっくあっぷ,
ピッチャー,ぴっちゃー,
ピッチング,ぴっちんぐ,
ピノキオ,ぴのきお,
ピュア,ぴゅあ,
ピュアホワイト,ぴゅあほわいと,
ピューレ,ぴゅーれ,
ピューロランド,ぴゅーろらんど,
ピラニア,ぴらにあ,
ピラフ,ぴらふ,
ピラミッド,ぴらみっど,
ピリオド,ぴりおど,
ぴり辛,ぴりから,
ピロシキ,ぴろしき,
ピンク,ぴんく,
ピンクグレープフルーツ,ぴんくぐれーぷふるーつ,
ピンクゴールド,ぴんくごーるど,
ピンクパンサー,ぴんくぱんさー,
ピンセット,ぴんせっと,
ピンチ,ぴんち,
ピンチヒッター,ぴんちひったー,
ピント,ぴんと,
ピンバッジ,ぴんばっじ,
ピンポイント,ぴんぽいんと,
ピンホール,ぴんほーる,
ピンポン玉,ぴんぽんだま,
ピンマイク,ぴんまいく,
プーアル茶,ぷーあるちゃ,
プードル,ぷーどる,
プール,ぷーる,
プールサイド,ぷーるさいど,
プールバッグ,ぷーるばっぐ,
プチトマト,ぷちとまと,
プッシュ,ぷっしゅ,
プディング,ぷでぃんぐ,
プライスレス,ぷらいすれす,
プライド,ぷらいど,
プライバシー,ぷらいばしー,
プライベート,ぷらいべーと,
プライベートルーム,ぷらいべーとるーむ,
プラカード,ぷらかーど,
プラグ,ぷらぐ,
プラス,ぷらす,
プラスチック,ぷらすちっく,
プラスチックケース,ぷらすちっくけーす,
プラズマ,ぷらずま,
プラスマイナス,ぷらすまいなす,
プラズマテレビ,ぷらずまてれび,
プラチナ,ぷらちな,
プラチナカード,ぷらちなかーど,
プラットホーム,ぷらっとほーむ,
プラネット,ぷらねっと,
プラマイ,ぷらまい,
プラモデル,ぷらもでる,
プリズム,ぷりずむ,
プリペイドカード,ぷりぺいどかーど,
プリンアラモード,ぷりんあらもーど,
プリンス,ぷりんす,
プリンセス,ぷりんせす,
プリンター,ぷりんたー,
プリント,ぷりんと,
プリントアウト,ぷりんとあうと,
プルコギ,ぷるこぎ,
プルタブ,ぷるたぶ,
プルトップ,ぷるとっぷ,
プレイ,ぷれい,
プレイヤー,ぷれいやー,
プレート,ぷれーと,
プレーリードッグ,ぷれーりーどっぐ,
プレーンオムレツ,ぷれーんおむれつ,
プレーンヨーグルト,ぷれーんよーぐると,
プレス,ぷれす,
プレゼント,ぷれぜんと,
プレッシャー,ぷれっしゃー,
プレッツェル,ぷれっつぇる,
プレハブ,ぷれはぶ,
プレハブ小屋,ぷれはぶごや,
プレパラート,ぷれぱらーと,
プレビュー,ぷれびゅー,
プレミア,ぷれみあ,
プレミアム,ぷれみあむ,
プログラマー,ぷろぐらまー,
プログラミング,ぷろぐらみんぐ,
プロゴルファー,ぷろごるふぁー,
プロジェクター,ぷろじぇくたー,
プロジェクト,ぷろじぇくと,
プロセス,ぷろせす,
プロセスチーズ,ぷろせすちーず,
プロテクト,ぷろてくと,
プロテスト,ぷろてすと,
プロデューサー,ぷろでゅーさー,
プロデュース,ぷろでゅーす,
プロトタイプ,ぷろとたいぷ,
プロパンガス,ぷろぱんがす,
プロフィール,ぷろふぃーる,
プロフィール画像,ぷろふぃーるがぞう,
プロフィール帳,ぷろふぃーるちょう,
プロフェッショナル,ぷろふぇっしょなる,
プロペラ,ぷろぺら,
プロポーズ,ぷろぽーず,
プロポリス,ぷろぽりす,
プロモーションビデオ,ぷろもーしょんびでお,
プロ野球,ぷろやきゅう,
プロレス,ぷろれす,
プロレスラー,ぷろれすらー,
プロローグ,ぷろろーぐ,
ペア,ぺあ,
ペアチケット,ぺあちけっと,
ペアリング,ぺありんぐ,
ペアルック,ぺあるっく,
ペイント,ぺいんと,
ページ,ぺーじ,
ペース,ぺーす,
ペースト,ぺーすと,
ペースメーカー,ぺーすめーかー,
ペーパー,ぺーぱー,
ペーパータオル,ぺーぱーたおる,
ペーパーテスト,ぺーぱーてすと,
ペーパードライバー,ぺーぱーどらいばー,
ペガサス,ぺがさす,
北京ダック,ぺきんだっく,
ペケ,ぺけ,
ペダル,ぺだる,
ペット,ぺっと,
ペットシーツ,ぺっとしーつ,
ペットショップ,ぺっとしょっぷ,
ペットフード,ぺっとふーど,
ペットホテル,ぺっとほてる,
ペットボトル,ぺっとぼとる,
ペットボトル飲料,ぺっとぼとるいんりょう,
ペッパー,ぺっぱー,
ペッパーランチ,ぺっぱーらんち,
ぺてん師,ぺてんし,
ペナルティー,ぺなるてぃー,
ペニス,ぺにす,
ペパーミント,ぺぱーみんと,
ペプシ,ぺぷし,
ペペロンチーノ,ぺぺろんちーの,
ペルー,ぺるー,
ペルシャ猫,ぺるしゃねこ,
ペンキ,ぺんき,
ペンキ屋,ぺんきや,
ペンケース,ぺんけーす,
ペン先,ぺんさき,
ペン字,ぺんじ,
ペンシル,ぺんしる,
ペンダント,ぺんだんと,
ペンチ,ぺんち,
ペンネーム,ぺんねーむ,
ペンライト,ぺんらいと,
ぽい捨て,ぽいすて,
ポイント,ぽいんと,
ポエム,ぽえむ,
ポーカー,ぽーかー,
ポーカーフェイス,ぽーかーふぇいす,
ポーク,ぽーく,
ポークウインナー,ぽーくういんなー,
ポークカレー,ぽーくかれー,
ポークソテー,ぽーくそてー,
ポークピッツ,ぽーくぴっつ,
ポーズ,ぽーず,
ポータブル,ぽーたぶる,
ポーチ,ぽーち,
ポール,ぽーる,
ポカリスウェット,ぽかりすうぇっと,
ポケット,ぽけっと,
ポケットサイズ,ぽけっとさいず,
ポケットマネー,ぽけっとまねー,
ポケットモンスター,ぽけっともんすたー,
ポシェット,ぽしぇっと,
ポジティブ,ぽじてぃぶ,
ポスター,ぽすたー,
ポスト,ぽすと,
ポストカード,ぽすとかーど,
ポタージュ,ぽたーじゅ,
ぽち袋,ぽちぶくろ,
ポット,ぽっと,
ポップ,ぽっぷ,
ポテト,ぽてと,
ポテトサラダ,ぽてとさらだ,
ポテトチップ,ぽてとちっぷ,
ポニー,ぽにー,
ポニーテール,ぽにーてーる,
ポパイ,ぽぱい,
ポプラ,ぽぷら,
ポラロイドカメラ,ぽらろいどかめら,
ポリ袋,ぽり,
ポリエステル,ぽりえすてる,
ポリシー,ぽりしー,
ポリス,ぽりす,
ポリバケツ,ぽりばけつ,
ポリフェノール,ぽりふぇのーる,
ポルトガル,ぽるとがる,
ポロシャツ,ぽろしゃつ,
ぽんこつ,ぽんこつ,
ポンジュース,ぽんじゅーす,
ぽん酢,ぽんず,
ポンチョ,ぽんちょ,
ポンプ,ぽんぷ,
マーチ,まーち,
麻婆豆腐,まーぼーどうふ,
麻婆茄子,まーぼーなす,
麻婆春雨,まーぼーはるさめ,
マーマレード／ママレード,まーまれーど／ままれーど,
マイク,まいく,
舞妓,まいこ,
迷子,まいご,
舞茸,まいたけ,
マイナス,まいなす,
マウス,まうす,
マウンテンバイク,まうんてんばいく,
前置き,まえおき,
前かがみ,まえかがみ,
前掛け,まえかけ,
前髪,まえがみ,
前歯,まえば,
前触れ,まえぶれ,
魔王,まおう,
真顔,まがお,
マカダミアナッツ／マカデミアナッツ,まかだみあなっつ／まかでみあなっつ,
マカロニ,まかろに,
マカロニサラダ,まかろにさらだ,
薪,まき,
巻貝,まきがい,
巻き寿司,まきずし,
牧場,まきば,
巻物,まきもの,
魔球,まきゅう,
マグカップ,まぐかっぷ,
マグネット,まぐねっと,
幕の内弁当,まくのうちべんとう,
マグマ,まぐま,
枕,まくら,
マグロ,まぐろ,
負けず嫌い,まけずぎらい,
孫,まご,
真心,まごころ,
孫の手,まごのて,
摩擦,まさつ,
正夢,まさゆめ,
マジックハンド,まじっくはんど,
マジックミラー,まじっくみらー,
呪い,まじない,
真面目,まじめ,
魔術,まじゅつ,
魔術師,まじゅつし,
マシュマロ,ましゅまろ,
魔女,まじょ,
魔性,ましょう,
マス,ます,
麻酔,ますい,
マスカット,ますかっと,
マスカラ,ますから,
マスコット,ますこっと,
マスタード,ますたーど,
股,また,
マダガスカル,まだがすかる,
待合室,まちあいしつ,
まつ毛,まつげ,
マッサージ,まっさーじ,
真っ逆様,まっさかさま,
マッシュポテト,まっしゅぽてと,
マッシュルーム,まっしゅるーむ,
松茸,まつたけ,
抹茶,まっちゃ,
抹茶アイス,まっちゃあいす,
マット,まっと,
松葉杖,まつばづえ,
松ぼっくり,まつぼっくり,
窓,まど,
窓ガラス,まどがらす,
窓際,まどぎわ,
マドレーヌ,まどれーぬ,
眼差し,まなざし,
真夏,まなつ,
マニュアル,まにゅある,
真似,まね,
招き猫,まねきねこ,
真冬,まふゆ,
魔法,まほう,
マムシ,まむし,
豆,まめ,
豆知識,まめちしき,
マヨネーズ,まよねーず,
マラカス,まらかす,
マリネ,まりね,
マレーシア,まれーしあ,
回り道,まわりみち,
漫画,まんが,
漫画家,まんがか,
満月,まんげつ,
マンゴー,まんごー,
饅頭,まんじゅう,
マント,まんと,
マントヒヒ,まんとひひ,
万年筆,まんねんひつ,
マンボウ,まんぼう,
万歩計,まんぽけい,
マンモス,まんもす,
身,み,
見合い,みあい,
ミート,みーと,
ミートソース,みーとそーす,
ミートパイ,みーとぱい,
ミートボール,みーとぼーる,
ミイラ,みいら,
身動き,みうごき,
身内,みうち,
見栄,みえ,
見栄っぱり,みえっぱり,
見送り,みおくり,
見落とし,みおとし,
見覚え,みおぼえ,
見返り,みかえり,
磨き,みがき,
味覚,みかく,
見掛け,みかけ,
味方,みかた,
三日月,みかづき,
身勝手,みがって,
身代わり,みがわり,
幹,みき,
右,みぎ,
右足,みぎあし,
ミキサー,みきさー,
右手,みぎて,
見切り,みきり,
ミクロ,みくろ,
三毛猫,みけねこ,
巫女,みこ,
神輿,みこし,
見込み,みこみ,
見殺し,みごろし,
ミサイル,みさいる,
未熟,みじゅく,
みじん切り,みじんぎり,
ミジンコ,みじんこ,
ミス,みす,
水,みず,
水あめ,みずあめ,
水色,みずいろ,
水瓶座,みずがめざ,
水着,みずぎ,
水草,みずくさ,
水玉,みずたま,
水鉄砲,みずでっぽう,
水菜,みずな,
水風呂,みずぶろ,
水虫,みずむし,
店,みせ,
味噌,みそ,
みぞおち,みぞおち,
味噌カツ,みそかつ,
味噌汁,みそしる,
味噌漬け,みそづけ,
身だしなみ,みだしなみ,
みたらし団子,みたらしだんご,
道,みち,
道草,みちくさ,
道の駅,みちのえき,
三つ編み,みつあみ,
三日坊主,みっかぼうず,
ミックスジュース,みっくすじゅーす,
ミックスベジタブル,みっくすべじたぶる,
三つ子,みつご,
三つ葉,みつば,
ミツバチ,みつばち,
ミディアム,みでぃあむ,
緑,みどり,
緑色,みどりいろ,
ミドリガメ,みどりがめ,
港,みなと,
港町,みなとまち,
南,みなみ,
ミニスカート,みにすかーと,
ミニチュア,みにちゅあ,
ミニチュアダックスフンド,みにちゅあだっくすふんど,
ミニトマト,みにとまと,
ミニブタ,みにぶた,
ミネストローネ,みねすとろーね,
ミネラルウォーター,みねらるうぉーたー,
ミノムシ,みのむし,
見栄え,みばえ,
見晴らし,みはらし,
見張り,みはり,
身振り,みぶり,
見舞い,みまい,
耳,みみ,
耳垢,みみあか,
ミミズ,みみず,
耳たぶ,みみたぶ,
ミンミンゼミ,みみんぜみ,
ミラー,みらー,
未来,みらい,
ミルク,みるく,
ミルクレープ,みるくれーぷ,
ミルフィーユ,みるふぃーゆ,
民家,みんか,
ミント,みんと,
無,む,
六,む,
六日,むいか,
無意識,むいしき,
ムース,むーす,
ムード,むーど,
ムードメーカー,むーどめーかー,
ムービー,むーびー,
ムール貝,むーるがい,
ムーンウォーク,むーんうぉーく,
無塩バター,むえんばたー,
向かい,むかい,
向かい風,むかいかぜ,
向かい側,むかいがわ,
迎え,むかえ,
昔,むかし,
昔話,むかしばなし,
ムカデ,むかで,
向き,むき,
麦,むぎ,
むきエビ,むきえび,
無傷,むきず,
麦茶,むぎちゃ,
麦チョコ,むぎちょこ,
麦畑,むぎばたけ,
麦飯,むぎめし,
無気力,むきりょく,
麦わら,むぎわら,
麦わら帽子,むぎわらぼうし,
無口,むくち,
むくみ,むくみ,
無計画,むけいかく,
無限大,むげんだい,
婿,むこ,
向こう,むこう,
無効,むこう,
向こう側,むこうがわ,
向こう岸,むこうぎし,
無言電話,むごんでんわ,
無罪,むざい,
ムササビ,むささび,
武蔵,むさし,
虫,むし,
無視,むし,
虫かご,むしかご,
虫食い,むしくい,
虫けら,むしけら,
虫刺され,むしさされ,
虫取り,むしとり,
虫取り網,むしとりあみ,
虫歯,むしば,
虫眼鏡,むしめがね,
武者,むしゃ,
蒸し焼き,むしやき,
蒸し野菜,むしやさい,
無重力,むじゅうりょく,
無職,むしょく,
虫除け,むしよけ,
虫除けスプレー,むしよけすぶれー,
無人駅,むじんえき,
無神経,むしんけい,
無人島,むじんとう,
息子,むすこ,
結び目,むすびめ,
娘,むすめ,
無洗米,むせんまい,
無駄,むだ,
無駄口,むだぐち,
無駄使い,むだつかい,
ムチ,むち,
無茶,むちゃ,
無茶苦茶,むちゃくちゃ,
夢中,むちゅう,
ムツゴロウ,むつごろう,
六つ,むっつ,
むっつりスケベ,むっつりすけべ,
無敵,むてき,
胸毛,むなげ,
胸騒ぎ,むなさわぎ,
胸元,むなもと,
ムニエル,むにえる,
胸,むね,
胸肉,むねにく,
胸焼け,むねやけ,
無能,むのう,
無農薬,むのうやく,
無免許,むめんきょ,
夢遊病,むゆうびょう,
無用,むよう,
村,むら,
紫芋,むらさきいも,
紫色,むらさきいろ,
紫キャベツ,むらさききゃべつ,
紫式部,むらさきしきぶ,
村外れ,むらはずれ,
村人,むらびと,
村祭り,むらまつり,
無理,むり,
無料,むりょう,
群れ,むれ,
目,め,
芽,め,
目当て,めあて,
姪,めい,
冥王星,めいおうせい,
名画,めいが,
銘柄,めいがら,
迷宮,めいきゅう,
名曲,めいきょく,
メイク,めいく,
メイクブラシ,めいくぶらし,
名作,めいさく,
名刺,めいし,
明治,めいじ,
名刺入れ,めいしいれ,
名所,めいしょ,
名人芸,めいじんげい,
命中,めいちゅう,
メイド,めいど,
命日,めいにち,
名物,めいぶつ,
名簿,めいぼ,
名誉,めいよ,
命令,めいれい,
迷路,めいろ,
迷惑,めいわく,
迷惑メール,めいわくめーる,
目上,めうえ,
目移り,めうつり,
メーカー,めーかー,
メーター,めーたー,
メートル,めーとる,
メープルシロップ,めーぷるしろっぷ,
メール,めーる,
メールアドレス／メルアド／メアド,めーるあどれす／めるあど／めあど,
メカ,めか,
目隠し,めかくし,
目頭,めがしら,
眼鏡,めがね,
メガネザル,めがねざる,
メガバイト,めがばいと,
めかぶ,めかぶ,
女神,めがみ,
メキシコ,めきしこ,
芽キャベツ,めきゃべつ,
目くじら,めくじら,
目薬,めぐすり,
恵み,めぐみ,
目くらまし,めくらまし,
目先,めさき,
目覚まし,めざまし,
目覚まし時計,めざましどけい,
目覚め,めざめ,
目障り,めざわり,
飯,めし,
目下,めした,
召使い,めしつかい,
飯粒,めしつぶ,
雌しべ,めしべ,
メジャー,めじゃー,
目印,めじるし,
雌,めす,
メス,めす,
メダカ,めだか,
目出し帽,めだしぼう,
メタボ,めたぼ,
目玉,めだま,
目玉焼き,めだまやき,
メダル,めだる,
メッキ,めっき,
目付き,めつき,
メッセージ,めっせーじ,
目潰し,めつぶし,
目詰り,めづまり,
メディア,めでぃあ,
メトロノーム,めとろのーむ,
メニュー,めにゅー,
目分量,めぶんりょう,
目眩,めまい,
メモ,めも,
メモ帳,めもちょう,
目盛,めもり,
メモリー／メモリ,めもりー／めもり,
目安,めやす,
メリーゴーランド,めりーごーらんど,
メリハリ,めりはり,
メレンゲ,めれんげ,
面会,めんかい,
免許,めんきょ,
免許証,めんきょしょう,
面積,めんせき,
明太子,めんたいこ,
メンタル,めんたる,
メンチカツ,めんちかつ,
面子,めんつ,
メンテナンス,めんてなんす,
メンバー,めんばー,
綿棒,めんぼう,
メンマ,めんま,
麺類,めんるい,
藻,も,
モアイ,もあい,
猛雨,もうう,
儲け,もうけ,
猛攻撃,もうこうげき,
申し込み,もうしこみ,
申込書,もうしこみしょ,
亡者,もうじゃ,
猛獣,もうじゅう,
盲腸,もうちょう,
猛毒,もうどく,
毛髪,もうはつ,
毛筆,もうひつ,
毛布,もうふ,
燃えカス,もえかす,
燃えるゴミ,もえるごみ,
モーター,もーたー,
木魚,もくぎょ,
目撃,もくげき,
木材,もくざい,
目次,もくじ,
木星,もくせい,
目的,もくてき,
目的地,もくてきち,
黙読,もくどく,
木馬,もくば,
目標,もくひょう,
モグラ,もぐら,
目論見,もくろみ,
模型,もけい,
モザイク,もざいく,
文字,もじ,
模写,もしゃ,
モスバーガー,もすばーがー,
餅,もち,
持ち味,もちあじ,
モチーフ,もちーふ,
持ち帰り,もちかえり,
持ち越し,もちこし,
持ち込み,もちこみ,
もち米,もちごめ,
餅つき,もちつき,
持ち主,もちぬし,
持ち場,もちば,
持ち運び,もちはこび,
持ち物,もちもの,
木管楽器,もっかんがっき,
木工,もっこう,
モッツァレラチーズ,もっつぁれらちーず,
もつ鍋,もつなべ,
モップ,もっぷ,
モデル,もでる,
素,もと,
戻り,もどり,
最中,もなか,
モナリザ,もなりざ,
モニター,もにたー,
物,もの,
物置,ものおき,
物音,ものおと,
物覚え,ものおぼえ,
物影,ものかげ,
物語,ものがたり,
モノクロ,ものくろ,
物事,ものごと,
物差し,ものさし,
物知り,ものしり,
物干し,ものほし,
物干し竿,ものほしざお,
物真似,ものまね,
モノレール,ものれーる,
物忘れ,ものわすれ,
モバイル,もばいる,
喪服,もふく,
紅葉,もみじ,
紅葉マーク,もみじまーく,
揉め事,もめごと,
木綿豆腐,もめんどうふ,
桃,もも,
桃色,ももいろ,
桃太郎,ももたろう,
桃太郎電鉄,ももたろうでんてつ,
もも肉,ももにく,
モモンガ,ももんが,
もやし,もやし,
もやしっこ,もやしっこ,
催し,もよおし,
銛,もり,
森,もり,
盛り合わせ,もりあわせ,
盛り付け,もりつけ,
モルモット,もるもっと,
文句,もんく,
モンゴル,もんごる,
もんじゃ焼き,もんじゃやき,
紋章,もんしょう,
モンスター,もんすたー,
モンスターハンター,もんすたーはんたー,
問題,もんだい,
問題児,もんだいじ,
矢,や,
刃,やいば,
八重歯,やえば,
八百屋,やおや,
野外,やがい,
野外活動,やがいかつどう,
館,やかた,
屋形船,やかたぶね,
ヤギ,やぎ,
焼き芋,やきいも,
焼き芋,やきいも,
焼き菓子,やきがし,
ヤギ座,やぎざ,
焼き魚,やきざかな,
焼きそば,やきそば,
焼き鳥,やきとり,
焼肉,やきにく,
焼き海苔,やきのり,
焼き豚,やきぶた,
焼き飯,やきめし,
ヤキモチ,やきもち,
野球,やきゅう,
野球選手,やきゅうせんしゅ,
ヤ行,やぎょう,
役,やく,
役柄,やくがら,
薬剤師,やくざいし,
役者,やくしゃ,
役所,やくしょ,
役職,やくしょく,
約束,やくそく,
役立たず,やくたたず,
役場,やくば,
疫病神,やくびょうがみ,
薬物,やくぶつ,
役目,やくめ,
ヤクルト,やくると,
役割,やくわり,
焼け跡,やけあと,
夜景,やけい,
ヤケ食い,やけぐい,
ヤケクソ,やけくそ,
ヤケ酒,やけざけ,
火傷,やけど,
焼け野原,やけのはら,
夜行性,やこうせい,
夜行バス,やこうばす,
夜行列車,やこうれっしゃ,
野菜,やさい,
野菜ジュース,やさいじゅーす,
ヤシ,やし,
野次馬,やじうま,
屋敷,やしき,
野獣,やじゅう,
夜食,やしょく,
矢印,やじるし,
安上がり,やすあがり,
安売り,やすうり,
休み,やすみ,
安物,やすもの,
安らぎ,やすらぎ,
野生,やせい,
痩せ型,やせがた,
野草,やそう,
屋台,やたい,
野鳥,やちょう,
八つ当たり,やつあたり,
厄介者,やっかいもの,
薬局,やっきょく,
奴,やっこ,
八つ,やっつ,
宿,やど,
ヤドカリ,やどかり,
宿主,やどぬし,
宿屋,やどや,
屋根,やね,
屋根裏,やねうら,
屋根裏部屋,やねうらべや,
藪,やぶ,
Yahoo!,やふー,
ヤフオクドーム,やふおくどーむ,
山,やま,
山芋,やまいも,
山奥,やまおく,
山火事,やまかじ,
山形,やまがた,
山口,やまぐち,
山小屋,やまごや,
ヤマト運輸,やまとうんゆ,
大和撫子,やまとなでしこ,
山梨,やまなし,
山びこ,やまびこ,
やまんば,やまんば,
闇,やみ,
ヤモリ,やもり,
弥生時代,やよいじだい,
槍,やり,
ヤンキー,やんきー,
ヤンキース,やんきーす,
やんちゃ,やんちゃ,
湯,ゆ,
遺言書,ゆいごんしょ,
you,ゆー,
憂うつ,ゆううつ,
遊園地,ゆうえんち,
誘拐,ゆうかい,
夕方,ゆうがた,
ユーカリ,ゆーかり,
勇気,ゆうき,
遊具,ゆうぐ,
夕暮れ,ゆうぐれ,
有限会社,ゆうげんがいしゃ,
有効,ゆうこう,
ユーザー,ゆーざー,
勇者,ゆうしゃ,
優勝,ゆうしょう,
友情,ゆうじょう,
優勝旗,ゆうしょうき,
夕食,ゆうしょく,
優先席,ゆうせんせき,
郵送,ゆうそう,
夕空,ゆうぞら,
YouTube,ゆーちゅーぶ,
ゆうちょ銀行,ゆうちょぎんこう,
誘導,ゆうどう,
優等生,ゆうとうせい,
有能,ゆうのう,
夕日,ゆうひ,
郵便受け,ゆうびんうけ,
郵便切手,ゆうびんきって,
郵便局,ゆうびんきょく,
郵便配達,ゆうびんはいたつ,
郵便葉書,ゆうびんはがき,
郵便箱,ゆうびんばこ,
郵便番号,ゆうびんばんごう,
郵便ポスト,ゆうびんぽすと,
UFO,ゆーふぉー,
夕べ,ゆうべ,
有名,ゆうめい,
夕飯,ゆうめし,
ユーモア,ゆーもあ,
夕焼け,ゆうやけ,
夕焼け雲,ゆうやけぐも,
有料,ゆうりょう,
幽霊,ゆうれい,
誘惑,ゆうわく,
床,ゆか,
床板,ゆかいた,
床下,ゆかした,
床下収納,ゆかしたしゅうのう,
浴衣,ゆかた,
床暖房,ゆかだんぼう,
歪み,ゆがみ,
ゆかり,ゆかり,
雪,ゆき,
雪女,ゆきおんな,
雪かき,ゆきかき,
雪国,ゆきぐに,
雪印,ゆきじるし,
雪だるま,ゆきだるま,
雪解け,ゆきどけ,
雪見だいふく,ゆきみだいふく,
雪山,ゆきやま,
行方,ゆくえ,
行方不明,ゆくえふめい,
湯気,ゆげ,
輸血,ゆけつ,
湯煙,ゆけむり,
揺さぶり,ゆさぶり,
柚子,ゆず,
柚子コショウ,ゆずこしょう,
譲り合い,ゆずりあい,
油性マジック,ゆせいまじっく,
豊かさ,ゆたかさ,
湯たんぽ,ゆたんぽ,
ユッケ,ゆっけ,
茹で汁,ゆでじる,
ゆで卵,ゆでたまご,
湯豆腐,ゆどうふ,
ゆとり教育,ゆとりきょういく,
ユニットバス,ゆにっとばす,
ユニバーサルスタジオ,ゆにばーさるすたじお,
ユニフォーム,ゆにふぉーむ,
湯飲み,ゆのみ,
指,ゆび,
指切り,ゆびきり,
指先,ゆびさき,
指相撲,ゆびずもう,
指人形,ゆびにんぎょう,
指笛,ゆびぶえ,
指輪,ゆびわ,
弓,ゆみ,
弓矢,ゆみや,
夢,ゆめ,
夢物語,ゆめものがたり,
由来,ゆらい,
百合,ゆり,
ゆりかご,ゆりかご,
ユリカモメ,ゆりかもめ,
揺れ,ゆれ,
夜明け,よあけ,
夜遊び,よあそび,
酔い,よい,
用,よう,
用意,ようい,
八日,ようか,
洋画,ようが,
妖怪,ようかい,
妖怪ウォッチ,ようかいうぉっち,
洋楽,ようがく,
洋菓子,ようがし,
容器,ようき,
容疑者,ようぎしゃ,
要求,ようきゅう,
用紙,ようし,
幼児,ようじ,
用事,ようじ,
洋式トイレ,ようしきといれ,
洋室,ようしつ,
幼少,ようしょう,
洋食,ようしょく,
養殖,ようしょく,
用心棒,ようじんぼう,
様子,ようす,
用水路,ようすいろ,
様子見,ようすみ,
妖精,ようせい,
幼虫,ようちゅう,
腰痛,ようつう,
曜日,ようび,
洋服,ようふく,
羊毛,ようもう,
容量,ようりょう,
ヨーグルト,よーぐると,
ヨーヨー,よーよー,
ヨーロッパ,よーろっぱ,
ヨガ,よが,
夜風,よかぜ,
翌月,よくげつ,
浴室,よくしつ,
翌日,よくじつ,
翌週,よくしゅう,
浴槽,よくそう,
翌年度,よくねんど,
欲張り,よくばり,
横,よこ,
予告,よこく,
横綱,よこづな,
横取り,よこどり,
横幅,よこはば,
横浜,よこはま,
横文字,よこもじ,
汚れ,よごれ,
良さ,よさ,
夜桜,よざくら,
四字熟語,よじじゅくご,
吉野家,よしのや,
予習,よしゅう,
寄せ書き,よせがき,
寄せ鍋,よせなべ,
予選リーグ,よせんりーぐ,
予想,よそう,
予想外,よそうがい,
予測,よそく,
余所者,よそもの,
夜空,よぞら,
よだれ,よだれ,
予知,よち,
四日,よっか,
欲求,よっきゅう,
四つ,よっつ,
ヨット,よっと,
ヨットレース,よっとれーす,
酔っ払い,よっぱらい,
予定,よてい,
夜中,よなか,
世の中,よのなか,
余白,よはく,
予備,よび,
呼び声,よびごえ,
呼び出し,よびだし,
夜更かし,よふかし,
予報,よほう,
予防,よぼう,
予防注射,よぼうちゅうしゃ,
読売テレビ,よみうりてれび,
よみうりランド,よみうりらんど,
読み書き,よみかき,
夜道,よみち,
読み物,よみもの,
嫁,よめ,
余命,よめい,
ヨモギ,よもぎ,
予約,よやく,
余裕,よゆう,
寄り道,よりみち,
夜,よる,
鎧,よろい,
弱音,よわね,
弱火,よわび,
ラード,らーど,
ラーメン屋,らーめんや,
ラー油,らーゆ,
雷雨,らいう,
来学期,らいがっき,
来期,らいき,
来客,らいきゃく,
来月,らいげつ,
来週,らいしゅう,
ライス,らいす,
来世,らいせ,
ライセンス,らいせんす,
ライター,らいたー,
ライダー,らいだー,
ライチ,らいち,
ライト,らいと,
ライトアップ,らいとあっぷ,
来日,らいにち,
来年度,らいねんど,
ライバル,らいばる,
ライフ,らいふ,
ライブ,らいぶ,
ライフセーバー,らいふせーばー,
ライフル,らいふる,
ライム,らいむ,
ラインナップ,らいんなっぷ,
ラウンジ,らうんじ,
ラウンド,らうんど,
ラガービール,らがーびーる,
落書き,らくがき,
落語,らくご,
落札,らくさつ,
落石,らくせき,
ラクダ,らくだ,
楽天市場,らくてんいちば,
楽天銀行,らくてんぎんこう,
酪農,らくのう,
落馬,らくば,
ラグビー,らぐびー,
落雷,らくらい,
ラケット,らけっと,
ラジオ,らじお,
ラジオ体操,らじおたいそう,
ラジオ放送,らじおほうそう,
ラスト,らすと,
ラストスパート,らすとすぱーと,
ラズベリー,らずべりー,
拉致,らち,
落下,らっか,
落花生,らっかせい,
ラッキー,らっきー,
らっきょう,らっきょう,
ラッコ,らっこ,
ラッパ,らっぱ,
ラッパ飲み,らっぱのみ,
ラッピング,らっぴんぐ,
ラップ,らっぷ,
ら抜き言葉,らぬきことば,
ラバー,らばー,
ラビット,らびっと,
ラビリンス,らびりんす,
ラブ,らぶ,
ラブストーリー,らぶすとーりー,
ラブソング,らぶそんぐ,
ラブラドールレトリバー,らぶらどーるれとりばー,
ラフランス,らふらんす,
ラフレシア,らふれしあ,
ラブレター,らぶれたー,
ラベル,らべる,
ラベンダー,らべんだー,
ラム酒,らむしゅ,
ラムチョップ,らむちょっぷ,
ラム肉,らむにく,
ラムネ,らむね,
ラムネ菓子,らむねがし,
ラリー,らりー,
卵黄,らんおう,
ランキング,らんきんぐ,
ランク,らんく,
LANケーブル,らんけーぶる,
乱視,らんし,
ランジェリー,らんじぇりー,
ランダム,らんだむ,
ランチ,らんち,
ランチタイム,らんちたいむ,
ランチョンマット,らんちょんまっと,
乱闘,らんとう,
ランドセル,らんどせる,
ランドセルカバー,らんどせるかばー,
ランドリー,らんどりー,
ランナー,らんなー,
乱入／濫入,らんにゅう,
ランニング,らんにんぐ,
ランニングコース,らんにんぐこーす,
ランニングシャツ,らんにんぐしゃつ,
ランニングシューズ,らんにんぐしゅーず,
卵白,らんぱく,
ランプ,らんぷ,
乱暴,らんぼう,
乱用,らんよう,
リアカー,りあかー,
料理教室,しょうりきょうしつ,
リアリティ／リアリティー,りありてぃ／りありてぃー,
リアル,りある,
リアルタイム,りあるたいむ,
リーグ,りーぐ,
リーダー,りーだー,
リーダーシップ,りーだーしっぷ,
リーチ,りーち,
利益,りえき,
理科,りか,
理解,りかい,
理科社会,りかしゃかい,
力士,りきし,
力説,りきせつ,
リキュール,りきゅーる,
力量,りきりょう,
陸,りく,
陸揚げ／陸上げ,りくあげ,
リクエスト,りくえすと,
陸上,りくじょう,
陸上競技,りくじょうきょうぎ,
陸上自衛隊,りくじょうじえいたい,
陸地,りくち,
理屈,りくつ,
リクライニングシート,りくらいにんぐしーと,
リコーダー,りこーだー,
リサイクル,りさいくる,
リサイタル,りさいたる,
リス,りす,
リスク,りすく,
リスザル,りすざる,
リスト,りすと,
リストバンド,りすとばんど,
リストラ,りすとら,
リスペクト,りすぺくと,
リズム,りずむ,
理性,りせい,
リセット,りせっと,
理想,りそう,
リゾート,りぞーと,
リゾートホテル,りぞーとほてる,
リゾット,りぞっと,
リタイア,りたいあ,
率,りつ,
陸橋,りっきょう,
立候補,りっこうほ,
立食パーティー,りっしょくぱーてぃー,
立体,りったい,
立体駐車場,りったいちゅうしゃじょう,
立地,りっち,
リットル,りっとる,
リップ,りっぷ,
リップクリーム,りっぷくりーむ,
立方体,りっぽうたい,
立方メートル,りっぽうめーとる,
リトマス試験紙,りとますしけんし,
リニアモーターカー,りにあもーたーかー,
離乳食,りにゅうしょく,
リハーサル,りはーさる,
リバース,りばーす,
リバウンド,りばうんど,
リハビリ,りはびり,
リビング,りびんぐ,
リフォーム,りふぉーむ,
リフティング,りふてぃんぐ,
リフト,りふと,
リプレイ,りぷれい,
リフレッシュ,りふれっしゅ,
リベンジ,りべんじ,
リメイク,りめいく,
略,りゃく,
理由,りゆう,
竜宮城,りゅうぐうじょう,
流血,りゅうけつ,
流行,りゅうこう,
流行語,りゅうこうご,
流出,りゅうしゅつ,
流通,りゅうつう,
流木,りゅうぼく,
リュック,りゅっく,
量,りょう,
利用,りよう,
料金所,りょうきんじょ,
両成敗,りょうせいばい,
両生類,りょうせいるい,
両手,りょうて,
料理,りょうり,
緑茶,りょくちゃ,
旅行,りょこう,
旅行会社,りょこうがいしゃ,
リラックス,りらっくす,
リレー,りれー,
林業,りんぎょう,
リンゴ,りんご,
りんご飴,りんごあめ,
りんごジュース,りんごじゅーす,
リンス,りんす,
リンチ,りんち,
林道,りんどう,
ルアー,るあー,
類,るい,
塁,るい,
ルイージ,るいーじ,
類型,るいけい,
類語,るいご,
類似,るいじ,
ルイ16世,るいじゅうろくせい,
ルイボスティー,るいぼすてぃー,
ルー,るー,
ルーキー,るーきー,
ルージュ,るーじゅ,
ルーズ,るーず,
ルーズソックス,るーずそっくす,
ルーズリーフ,るーずりーふ,
ルーター,るーたー,
ルーツ,るーつ,
ルート,るーと,
ルービックキューブ,るーびっくきゅーぶ,
ループ,るーぷ,
ルーペ,るーぺ,
ルーマニア,るーまにあ,
ルーム,るーむ,
ルームサービス,るーむさーびす,
ルームシェア,るーむしぇあ,
ルームミラー,るーむみらー,
ルームランナー,るーむらんなー,
ルール,るーる,
ルーレット,るーれっと,
留守,るす,
留守番電話,るすばんでんわ,
留守録,るすろく,
ルックス,るっくす,
ルッコラ,るっこら,
ルナ,るな,
ルネサンス,るねさんす,
ルパン三世,るぱんさんせい,
ルビー,るびー,
ルマンド,るまんど,
ルミナリエ,るみなりえ,
ルミネ,るみね,
ルミネtheよしもと,るみねざよしもと,
ルル,るる,
るるぶ,るるぶ,
るるぶトラベル,るるぶとらべる,
ルンバ,るんば,
レア,れあ,
レアチーズケーキ,れあちーずけーき,
例,れい,
霊,れい,
レイアウト,れいあうと,
霊界,れいかい,
例外,れいがい,
礼儀,れいぎ,
礼儀作法,れいぎさほう,
冷却,れいきゃく,
霊柩車,れいきゅうしゃ,
冷しゃぶ,れいしゃぶ,
冷水,れいすい,
冷蔵,れいぞう,
冷蔵庫,れいぞうこ,
例題,れいだい,
冷暖房,れいだんぼう,
冷凍,れいとう,
冷凍庫,れいとうこ,
霊能者,れいのうしゃ,
礼服,れいふく,
冷房,れいぼう,
レインコート,れいんこーと,
レインボー,れいんぼー,
レインボーブリッジ,れいんぼーぶりっじ,
レーサー,れーさー,
レーザー,れーざー,
レーザープリンター,れーざーぷりんたー,
レーシングカー,れーしんぐかー,
レース,れーす,
レーダー,れーだー,
レール,れーる,
レオナルドダヴィンチ,れおなるどだヴぃんち,
歴史,れきし,
レギュラー,れぎゅらー,
レコード,れこーど,
レザー,れざー,
レジ,れじ,
レシート,れしーと,
レジェンド,れじぇんど,
レシピ,れしぴ,
レジャー,れじゃー,
レジャーシート,れじゃーしーと,
レスキュー隊,れすきゅーたい,
レストラン街,れすとらんがい,
レスラー,れすらー,
レスリング,れすりんぐ,
レター,れたー,
レタス,れたす,
劣化,れっか,
レッサーパンダ,れっさーぱんだ,
列車,れっしゃ,
列島,れっとう,
レッドカード,れっどかーど,
レディー,れでぃー,
レディーファースト,れでぃーふ,
レトルト,れとると,
レトルトカレー,れとるとかれー,
レトロ,れとろ,
レバー,ればー,
レバニラ炒め,ればにらいため,
レフト,れふと,
レプリカ,れぷりか,
レベル,れべる,
レベルアップ,れべるあっぷ,
レポーター,れぽーたー,
レポート,れぽーと,
レモネード,れもねーど,
レモン水,れもんすい,
レモンスカッシュ,れもんすかっしゅ,
レモンティー,れもんてぃー,
恋愛,れんあい,
恋愛小説,れんあいしょうせつ,
レンガ,れんが,
連休,れんきゅう,
レンゲ,れんげ,
連携,れんけい,
連結,れんけつ,
連行,れんこう,
連載,れんさい,
レンジ,れんじ,
連日,れんじつ,
連射,れんしゃ,
練習,れんしゅう,
連勝,れんしょう,
レンズ,れんず,
連想,れんそう,
連想ゲーム,れんそうげーむ,
連続,れんぞく,
連打,れんだ,
レンタカー,れんたかー,
レンタル,れんたる,
レンタルビデオ,れんたるびでお,
連中,れんちゅう,
連動,れんどう,
練乳,れんにゅう,
連敗,れんぱい,
連発,れんぱつ,
連絡,れんらく,
連絡網,れんらくもう,
ロイヤルミルクティー,ろいやるみるくてぃー,
廊下,ろうか,
老化,ろうか,
老眼鏡,ろうがんきょう,
老後,ろうご,
老人ホーム,ろうじんほーむ,
ロウソク,ろうそく,
労働,ろうどう,
労働組合,ろうどうくみあい,
労働者,ろうどうしゃ,
朗読,ろうどく,
蝋人形,ろうにんぎょう,
老婆,ろうば,
浪費,ろうひ,
老夫婦,ろうふうふ,
牢屋,ろうや,
労力,ろうりょく,
ローカル,ろーかる,
ローキック,ろーきっく,
ロース,ろーす,
ローズ,ろーず,
ロースカツ,ろーすかつ,
ロースト,ろーすと,
ローストビーフ,ろーすとびーふ,
ロースハム,ろーすはむ,
ローズマリー,ろーずまりー,
ロータリー,ろーたりー,
ロード,ろーど,
ロープ,ろーぷ,
ロープウエー,ろーぷうえー,
ローマ,ろーま,
ローマ字,ろーまじ,
ローヤルゼリー,ろーやるぜりー,
ローラー,ろーらー,
ローラースケート,ろーらーすけーと,
ローラーブレード,ろーらーぶれーど,
ローリエ,ろーりえ,
ロール,ろーる,
ロールキャベツ,ろーるきゃべつ,
ロールケーキ,ろーるけーき,
ロールプレイングゲーム,ろーるぷれいんぐげーむ,
ろ過,ろか,
路肩,ろかた,
ロキソニン錠,ろきそにんじょう,
ロキソニンテープ,ろきそにんてーぷ,
六,ろく,
録音データ,ろくおんでーた,
録画,ろくが,
六月,ろくがつ,
ログハウス,ろぐはうす,
ろくろ,ろくろ,
ろくろ首,ろくろくび,
ロケ,ろけ,
ロケ地,ろけち,
ロケット,ろけっと,
ロケットパンチ,ろけっとぱんち,
ロゴ,ろご,
ロコモコ,ろこもこ,
ロサンゼルス,ろさんぜるす,
ロサンゼルス空港,ろさんぜるすくうこう,
路地,ろじ,
ロシア,ろしあ,
ロシア語,ろしあご,
路地裏,ろじうら,
ロジック,ろじっく,
路上,ろじょう,
路上駐車,ろじょうちゅうしゃ,
ロス,ろす,
ロスタイム,ろすたいむ,
路線バス,ろせんばす,
ロッカー,ろっかー,
ロッカールーム,ろっかーるーむ,
六角形,ろっかくけい,
ロッキー山脈,ろっきーさんみゃく,
ロック,ろっく,
ロッククライミング,ろっくくらいみんぐ,
肋骨,ろっこつ,
ロッジ,ろっじ,
ロッテ,ろって,
ロデオ,ろでお,
露天風呂,ろてんぶろ,
ロト6,ろとしっくす,
ロナルドダック,ろなるどだっく,
ロバ,ろば,
ロビー,ろびー,
ロブスター,ろぶすたー,
ロフト,ろふと,
ロボット,ろぼっと,
ロマンス,ろまんす,
ロマンチスト／ロマンティスト,ろまんちすと／ろまんてぃすと,
ロミオとジュリエット,ろみおとじゅりえっと,
ロム,ろむ,
路面電車,ろめんでんしゃ,
ロリータ,ろりーた,
ロレックス,ろれっくす,
ロング,ろんぐ,
ロングシュート,ろんぐしゅーと,
ロングスカート,ろんぐすかーと,
ロングセラー,ろんぐせらー,
ロングヘア／ロン毛,ろんぐへあ／ろんげ,
輪,わ,
ワールド,わーるど,
ワールドカップ,わーるどかっぷ,
ワイシャツ,わいしゃつ,
ワイドショー,わいどしょー,
ワイパー,わいぱー,
Wi-Fi,わいふ,
ワイヤ－,わいやー,
ワイヤレス,わいやれす,
賄賂,わいろ,
ワイングラス,わいんぐらす,
WOWOW,わうわう,
和英辞書,わえいじしょ,
ワオンカード,わおんかーど,
若返り,わかがえり,
若草物語,わかくさものがたり,
和菓子,わがし,
若造,わかぞう,
若手,わかて,
若葉,わかば,
我が輩,わがはい,
若葉マーク,わかばまーく,
我が儘,わがまま,
わかめ,わかめ,
若者,わかもの,
我が物顔,わがものがお,
我が家,わがや,
和歌山,わかやま,
分からず屋,わからずや,
別れ／分かれ,わかれ,
別れ際,わかれぎわ,
別れ話,わかればなし,
別れ道,わかれみち,
脇,わき,
脇毛,わきげ,
脇腹,わきばら,
脇見,わきみ,
湧き水,わきみず,
脇道,わきみち,
脇役,わきやく,
和牛,わぎゅう,
枠,わく,
枠組み,わくぐみ,
惑星,わくせい,
訳,わけ,
分け前,わけまえ,
分け目,わけめ,
輪ゴム,わごむ,
ワゴンセール,わごんせーる,
技,わざ,
わさび,わさび,
災い,わざわい,
ワシ,わし,
和紙,わし,
和式,わしき,
和室,わしつ,
わし掴み,わしづかみ,
和食,わしょく,
わずか,わずか,
忘れ物,わすれもの,
早稲田,わせだ,
綿,わた,
綿飴,わたあめ,
話題,わだい,
和太鼓,わだいこ,
綿菓子,わたがし,
綿毛,わたげ,
綿埃,わたぼこり,
渡り鳥,わたりどり,
渡り廊下,わたりろうか,
ワックス,わっくす,
ワッフル,わっふる,
罠,わな,
輪投げ,わなげ,
ワニ,わに,
和風ドレッシング,わふうどれっしんぐ,
わめき声,わめきごえ,
藁,わら,
笑い声,わらいごえ,
笑い話,わらいばなし,
草鞋,わらじ,
わらしべ長者,わらしべちょうじゃ,
藁人形,わらにんぎょう,
わらびもち,わらびもち,
割合,わりあい,
割当て,わりあて,
割込み,わりこみ,
悪足き,わるあがき,
悪気,わるぎ,
悪口,わるくち,
悪巧み,わるだくみ,
悪知恵,わるぢえ,
悪乗り,わるのり,
悪ふざけ,わるふざけ,
悪酔い,わるよい,
我,われ,
ワン切り,わんぎり,
わんこそば,わんこそば,
ワンタンスープ,わんたんすーぷ,
ワンピース,わんぴーす,
